;;;;;;;x
PRO_REACTIONARY;PRO-REACTIONARY ;;;;;;;x,
PRO_SOCIALIST;PRO-SOCIALIST ;;;;;;;x,
PRO_FASCIST;PRO-FASCIST ;;;;;;;x,
PRO_LIBERAL;LIBERAL ;;;;;;;x,
PRO_COMMIES;PRO-COMMUNIST ;;;;;;;x,
EVTDESC36940_NEWS_LONG;$COUNTRY$: A treaty formalizing the nation of New Zealand was signed, wherein the Maori Chiefs recognized the sovereignty of $COUNTRY$, and in turn she guaranteed the chiefs their lands, estates, forests and fisheries. Maori and $COUNTRY_ADJ$ versions of the signed document differ, leaving doubt about what was actually agreed upon. While the $COUNTRY_ADJ$ claim Maori agreed to governor's rule over them, the Maori version of the treaty states they should retain a large degree of autonomy and self-governance allowing them to manage their own affairs.;;;;;;;x
EVTDESC36940_NEWS_MEDIUM;$COUNTRY$: A treaty formalizing the nation of New Zealand was signed, wherein the Maori Chiefs recognized the sovereignty of $COUNTRY$, and in turn she guaranteed the chiefs their lands, estates, forests and fisheries.;;;;;;;x
EVTDESC36940_NEWS_SHORT;$COUNTRY$: A treaty formalizing the nation of New Zealand was signed, wherein the Maori Chiefs recognized the sovereignty of $COUNTRY$.;;;;;;;x.;;;;;;;x
EVTDESC36941_NEWS_LONG;$COUNTRY$: Disenchanted with $COUNTRY_ADJ$ attitudes, Maori Chief Hone Heke had the flagstaff in Kororareka repeatedly chopped down in protest leading to what is known as the First Maori War. Resilient and emboldened by early successes, but strained economically, with dwindling food supplies and victims to many epidemic deaths, Maori chiefs eventually asked for ceasefire. The $COUNTRY_ADJ$ maintained their sovereignty over New Zealand, but rebellious Maori chiefs raised their position higher than it ever was, gaining substantial amounts of respect among all tribes.;;;;;;;x
EVTDESC36941_NEWS_MEDIUM;$COUNTRY$: Disenchanted with $COUNTRY_ADJ$ attitudes, Maori Chief Hone Heke had the flagstaff in Kororareka repeatedly chopped down in protest leading to what is known as the First Maori War. Rebellious chiefs earned respect but didn't manage to overthrow the $COUNTRY_ADJ$.;;;;;;;x
EVTDESC36941_NEWS_SHORT;$COUNTRY$: Disenchanted with $COUNTRY_ADJ$ attitudes, Maori Chief Hone Heke had the flagstaff in Kororareka repeatedly chopped down in protest leading to the First Maori War.;;;;;;;x
EVTDESC31100_NEWS_LONG;A $COUNTRY_ADJ$ archaeologist unearthed the remains of the lost city of Troy in Anatolia. This discovery led to an explosion of talent in archeology and captured the imagination of millions. When he excavated the hills in Hisarlik, he uncovered a number of ancient cities, dating back from the Bronze Age to the Roman times. His finds at the site were named Priam's Treasure and acquired by $CAPITAL$ museums. His archaeological effort was inspired by a British diplomat, Frank Calvert, who spent over six decades conducting field work in the area.;;;;;;;x
EVTDESC31100_NEWS_MEDIUM;A $COUNTRY_ADJ$ archaeologist unearthed the remains of the lost city of Troy in Anatolia. This discovery led to an explosion of talent in archeology and captured the imagination of millions. His finds at the site were named Priam's Treasure and acquired by $CAPITAL$ museums.;;;;;;;x
EVTDESC31100_NEWS_SHORT;A $COUNTRY_ADJ$ archaeologist unearthed the remains of the lost city of Troy in Anatolia. This discovery led to an explosion in archeology and captured the imagination of millions.;;;;;;;x
EVTDESC46800_NEWS_LONG;A $COUNTRY_ADJ$ explorer discovered the remains of the lost Inca city of Machu Picchu in $YEAR$. Constructed in the first half of the 15th century, at the height of the power of the Inca Empire, the citadel is believed to have been the estate of the Inca emperor Pachacuti, though some archaeologists also suggested it might have had purely religious character. The $COUNTRY_ADJ$ explorers were the subject of controversy, accused by Peruvian locals of stealing their cultural heritage, when attempting to transport recovered artifacts to $COUNTRY$ for closer examination.;;;;;;;x
EVTDESC46800_NEWS_MEDIUM;A $COUNTRY_ADJ$ explorer discovered the remains of the lost Inca city of Machu Picchu in $YEAR$. Constructed in the first half of the 15th century, at the height of the power of the Inca Empire, the citadel is believed to have been the estate of the Inca emperor Pachacuti.;;;;;;;x
EVTDESC46800_NEWS_SHORT;A $COUNTRY_ADJ$ explorer discovered the remains of the lost Inca city of Machu Picchu in $YEAR$, dating back to the 15th century, the height of power of the Inca Empire.;;;;;;;x
gwar_we_win_large_title;$TAG_3_0_UPPER$ SURRENDERS!;;;;;;;x
gwar_we_win_large_desc;On $DATE_LONG_1$ the Great War between $TAG_0_0$ and $TAG_1_0$ ended in our glorious victory. The war, known as $STRING_0_0$, raged from $DATE_SHORT_0$ over $STRING_9_0$, and in the end the result was $STRINGS_LIST_4$.;;;;;;;x
gwar_we_win_medium_title;ARMISTICE SIGNED!\n VICTORY!;;;;;;;x
gwar_we_win_medium_desc;On $DATE_LONG_1$ the Great War between $TAG_0_0$ and $TAG_1_0$ ended in our glorious victory. The war, known as $STRING_0_0$, raged from $DATE_SHORT_0$ over $STRING_9_0$.;;;;;;;x
gwar_we_win_small_title;Victory over $TAG_3_0$!;;Sieg �ber $TAG_3_0$!;;;;;;;x
gwar_we_win_small_desc;$STRING_0_0$ has ended with the defeat of $TAG_3_0$.;;$STRING_0_0$ endete mit der Niederlage von $TAG_3_0$.;;;;;;;x
gwar_we_lose_large_title;A SHAMEFUL DAY.\nPEACE WITH $TAG_2_0_UPPER$ SIGNED!;;EIN TAG DER SCHANDE.\nFRIEDEN MIT $TAG_2_0_UPPER$ UNTERZEICHNET!;;;;;;;x
gwar_we_lose_large_desc;On $DATE_LONG_1$ the Great war against $TAG_2_0$ ended in our shameful defeat. The war, known as $STRING_0_0$, raged from $DATE_SHORT_0$ over $STRING_9_0$, and in the end the result was $STRINGS_LIST_4$.;;Am $DATE_LONG_1$ endete der  Krieg gegen $TAG_2_0$ mit unserer sch�ndlichen Niederlage. Der Krieg, $STRING_0_0$, w�tete von $DATE_SHORT_0$ �ber $STRING_9_0$ und am Ende stand $STRINGS_LIST_4$.;;;;;;;x
gwar_we_lose_medium_title;PEACE WITH $TAG_2_0_UPPER$!;;FRIEDEN MIT $TAG_2_0_UPPER$!;;;;;;;x
gwar_we_lose_medium_desc;On $DATE_LONG_1$ the Great War between $TAG_0_0$ and $TAG_1_0$ ended in our shameful defeat. The war, known as $STRING_0_0$, raged from $DATE_SHORT_0$ over $STRING_9_0$.;;Am $DATE_LONG_1$ endete der Krieg zwischen $TAG_0_0$ und $TAG_1_0$ mit unserem Sieg. Der Krieg, bekannt als $STRING_0_0$, w�tete von $DATE_SHORT_0$ �ber $STRING_9_0$.;;;;;;;x
gwar_we_lose_small_title;Peace with $TAG_2_0$;;Frieden mit $TAG_2_0$;;;;;;;x
gwar_we_lose_small_desc;$STRING_0_0$ has ended with our defeat at the hands of $TAG_2_0$;;$STRING_0_0$ endete mit unserer Niederlage durch $TAG_2_0$;;;;;;;x
war_we_win_large_title;ARMISTICE SIGNED!\n $TAG_3_0_UPPER$ SURRENDERS;;WAFFENRUHE!\n $TAG_3_0_UPPER$ GIBT AUF;;;;;;;x
EVTNAME13201_NEWS_TITLE;$COUNTRY_ADJ$ Mission Under Siege!;;;;;;;x,,
EVTDESC13201_NEWS_LONG;After years of resistance against $COUNTRY_ADJ$ influence in their country, the $FROMCOUNTRY_ADJ$ ruling elites have thrown the $COUNTRY_ADJ$ ambassador out of $FROMCOUNTRY$, claiming that the $COUNTRY_ADJ$ barbarians behave unacceptably and in contrary to $FROMCOUNTRY_ADJ$ traditions. This affair is developing into an enormous loss of international face, one which many in the $COUNTRY_ADJ$ government believe can only be avoided through a formal declaration of war against $FROMCOUNTRY$.;;;;;;;x,
EVTDESC13201_NEWS_MEDIUM;After years of resistance against $COUNTRY_ADJ$ influence in their country, the $FROMCOUNTRY_ADJ$ ruling elites have thrown out the $COUNTRY_ADJ$ ambassador, claiming that the foreign barbarians behave unacceptably and in contrary to their traditions.;;;;;;;x
EVTDESC13201_NEWS_SHORT;After years of resistance against $COUNTRY_ADJ$ influence in their country, the $FROMCOUNTRY_ADJ$ ruling elites have thrown out the $COUNTRY_ADJ$ ambassador.;;;;;;;x,
kiel_canal_NEWS_LONG;A combination of commercial and naval interests have led $TAG0_0$ to the idea of constructing an artificial waterway that'd allow vessels to travel between the Baltic and North Seas without having to circumnavigate the stormy seas around Jutland. The 61 miles long canal is being built and is expected to quickly become one of the busiest artificial waterways of the world. The project offers new impetus to commerce for all maritime countries, and proves that nation's greatness can be achieved through manufacture, trade and engineering rather than through war and conquest.;;;;;;;x,,
kiel_canal_NEWS_MEDIUM;The 61 miles long canal is being built and is expected to quickly become one of the busiest artificial waterways of the world. The project offers new impetus to commerce for all maritime countries, and proves that nation's greatness can be achieved through manufacture, trade and engineering rather than through war and conquest.;;;;;;;x,,
kiel_canal_NEWS_SHORT;The 61 miles long Kiel Canal is being built and it is expect to quickly become one of the busiest artificial waterways of the world. The project offers new impetus to commerce for all maritime countries.;;;;;;;x,,
suez_canal_NEWS_LONG;A triumphant day for $TAG0_0$ as the Suez Canal Company starts to dig the Isthmus of Suez. A true marvel of modern engineering, the 102 miles long and 26 feet deep planned Suez Canal is expected to become one of the world's most active shipping lanes, driving down freight costs and bolstering commerce world-wide. 'Shipping fees will never return the costs of maintenance, the route around Africa will remain dominant', sceptics claim in an attempt to diminish the importance of this development.;;;;;;;x,
suez_canal_NEWS_MEDIUM;A triumphant day for $TAG0_0$ as the Suez Canal Company starts to dig the Isthmus of Suez. A true marvel of modern engineering, the 102 miles long and 26 feet deep planned Suez Canal is expected to become one of the world's most active shipping lanes.;;;;;;;x,
suez_canal_NEWS_SHORT;A triumphant day for $TAG0_0$ as the Suez Canal Company starts to dig for the planned 102 miles long and 26 feet deep canal across the Isthmus of Suez.;;;;;;;x,
panama_canal_NEWS_LONG;The beginning of the construction of a canal through the Isthmus of Panama offers a proud day for $TAG0_0$. The canal will be 48 miles long, and is in fact a locked waterway 85 feet above sea level with some of the most intricate locks on both ends. It will be built in one of the most unhealthy areas of the entire world, so it's as much a monument to modern engineering as to modern medicine. The canal is expected to quickly become an important conduit to international maritime commerce, experts also claim it to offer great strategic advantage to its controller in times of war.;;;;;;;x
panama_canal_NEWS_MEDIUM;The beginning of the construction of a canal through the Isthmus of Panama offers a proud day for $TAG0_0$. The canal will be 48 miles long, and is in fact a locked waterway 85 feet above sea level. To be built in one of most unhealthy places it's a monument to modern engineering as well as medicine.;;;;;;;x
panama_canal_NEWS_SHORT;The construction of a canal through the Isthmus of Panama offers a proud day for $TAG0_0$. The canal will be 48 miles long, and is in fact a locked waterway 85 feet above sea level with some of the most intricate locks on both ends.;;;;;;;x
EVTNAME16001_NEWS_TITLE;The American Slavery Debate;;;;;;;x,,
EVTDESC16001_NEWS_LONG;The one issue that the Founding Fathers of $COUNTRY$ were never able to answer conclusively was the question concerning the status of slavery within the union. This inflamed debate has only gained traction in the years since the revolution, and it is presently the singular most important issue on $COUNTRY$'s political agenda. Some radical southerners feel that there is no possible compromise to be found on the issue, and that secession is the only alternative to being dominated into emancipation by the central power in Washington.;;;;;;;x
EVTDESC16001_NEWS_MEDIUM;This debate on slavery is presently the singular most important issue on $COUNTRY$'s political agenda. Some radical southerners feel there is no possible compromise to be found on the issue, and that secession is the only alternative to being dominated by the central government.;;;;;;;x,
EVTDESC16001_NEWS_SHORT;This debate on slavery is the singular most important $COUNTRY_ADJ$ political issue, with some radical southerners feeling the only alternative to being dominated by the government is secession.;;;;;;;x,
EVTDESC16010_NEWS_LONG;$COUNTRY$: The famed hero of the abolitionist movement, the late John Brown, was hanged in Charles Town, Virginia, today after a failed raid on a military armory. Supposedly, Brown had planned to use the arsenal's weapons to arm slaves and incite an open slave rebellion across the entire south. The raid, and John Brown's death, have furthered escalated southern tension over the slavery issue, and in some slave-states there is now even talk of secession from the Union.;;;;;;;x
EVTDESC16010_NEWS_MEDIUM;$COUNTRY$: The famed hero of the abolitionist movement, the late John Brown, was hanged in Charles Town, Virginia, today after a failed raid on a military armory. The raid, and John Brown's death, have furthered escalated southern tension over the slavery issue.;;;;;;;x
EVTDESC16010_NEWS_SHORT;$COUNTRY$: John Brown was hanged in Charles Town, Virginia, today after a failed raid on a military armory, further escalating southern tension over the slavery issue.;;;;;;;x,
EVTDESC16020_NEWS_LONG;$COUNTRY$: Dred Scott, born a slave in Virginia, has, with the help of abolitionist legal advisers, sued his 'owner', claiming that his present residency in a free state requires his emancipation. The United States Supreme Court has not yet ruled on the case � but seems inclined to rule that the property of slave-owners are protected regardless of where in the Union the slave resides. The case has caused enormous alarm among northern abolitionists, who see it as the first step to a full extension of the institution of slavery to the whole Union.;;;;;;;x
EVTDESC16020_NEWS_MEDIUM;$COUNTRY$: A slave has sued his 'owner', claiming that his residency in a free state requires his emancipation. The case has caused  alarm among northern abolitionists, who see its ruling as the first step to a full extension of slavery to the whole Union.;;;;;;;x
EVTDESC16020_NEWS_SHORT;$COUNTRY$: A slave has sued his 'owner', claiming that his residency in a free state requires his emancipation. The case has caused enormous alarm among northern abolitionists.;;;;;;;x,
EVTNAME44807_NEWS_TITLE;The Treaties of Velasco;;;;;;;x,,
EVTDESC44807_NEWS_LONG;In a humiliating blow to Mexico's prestige, General Santa Anna was captured within Texan territory -- found wandering the countryside in an attempt to return to Mexico. While imprisoned, Santa Anna agreed to a series of treaties which recognized Texan independence among other guarantees... all in exchange for his safe return. The question now falls to Mexico whether to honor the Treaties of Velasco, obtained under duress, or to refute them.;;;;;;;x
EVTDESC44807_NEWS_MEDIUM;In a humiliating blow to Mexico's prestige, General Santa Anna was captured within Texan territory -- found wandering the countryside in an attempt to return to Mexico. While imprisoned, Santa Anna agreed to a series of treaties in exchange for his safe return.;;;;;;;x
EVTDESC44807_NEWS_SHORT;In a humiliating blow to Mexico's prestige, General Santa Anna was captured within Texan territory. While imprisoned, Santa Anna agreed to a series of treaties in exchange for his safe return.;;;;;;;x
EVTDESC44830_NEWS_MEDIUM;Emperor Maximilian has never enjoyed popular support in Mexico, and now that insurgents led by Benito Ju�rez have captured him it seems his reign has come to an end. Court-martialed and executed by a firing squad, the new republic was declared only days after his death.;;;;;;;x
EVTDESC44830_NEWS_SHORT;Insurgents led by Benito Ju�rez have captured Emperor Maximilian of Mexico. Court-martialed and executed by a firing squad, the new republic was declared only days after his death.;;;;;;;x,
EVTDESC44835_NEWS_MEDIUM;Porfirio D�az, General of Mexico and considered a hero by some, has overthrown the democratic government of Mexico in a military coup. Planned in secret with several military officers and announced in Oaxaca, it has installed Diaz as a military-backed dictator.;;;;;;;x,
EVTDESC44835_NEWS_SHORT;Porfirio D�az, General of Mexico and considered a hero by some, has overthrown the democratic government of Mexico in a military coup and been installed as a military-backed dictator.;;;;;;;x
EVTDESC16500_NEWS_LONG;$COUNTRY$: Delegates from the northern states are growing increasingly impatient with the deadlock in the American senate on the issue of slavery, citing what they see as an unreasonable balance of power currently controlled by southern interests. This has led to demands for a second constitutional convention and a change to a more proportional system of government based on population-- a demand adamantly opposed by the south, and not universally supported even in the north.;;;;;;;x
EVTDESC16500_NEWS_MEDIUM;$COUNTRY$: Delegates from the northern states are growing increasingly impatient with the deadlock in the American senate on the issue of slavery, and have demanded a second constitutional convention and a change to a more proportional system of government based on population.;;;;;;;x,
EVTDESC16500_NEWS_SHORT;$COUNTRY$: Frustrated northern delegates have demanded a second constitutional convention and a change to a more proportional system of government based on population rather than by state.;;;;;;;x,,
EVTDESC16510_NEWS_LONG;A convention of northern delegates in $COUNTRY$ have convened in Philadelphia to announce the formation of a new union: the Free States of America, free of slavery and dedicated to true freedom for all men. The 'true' American government has decreed this an act of traitors, and is considering whether a peaceful resolution through negotiation is even possible. The so-called Free American government, however, is calling on patriots to rebel against a government held hostage to southern aristocrats and hidebound thinking�and this means war.;;;;;;;x
EVTDESC16510_NEWS_MEDIUM;A convention of northern delegates have convened in Philadelphia to announce the formation of a new union: the Free States of America, free of slavery and dedicated to true freedom for all men. The 'true' American government has decreed this an act of traitors, and declared war.;;;;;;;x
EVTDESC16510_NEWS_SHORT;A new union has been created: the Free States of America, free of slavery and dedicated to true freedom for all men. The 'true' American government has declared this an act of traitors.;;;;;;;x,
EVTDESC96110_NEWS_LONG;Abdul-Aziz, scion of the House of Saud, has returned to $COUNTRY$ from exile in Kuwait. Not only that, reports state the man has managed to forge an alliance with the southern Bedouin tribes and retaken Riyadh from $COUNTRY_ADJ$ control. The rulers of $COUNTRY$ are scrambling to counter this sudden return, recruiting allies against ibn Saud lest their earlier victory over his house be permanently undone.;;;;;;;x
EVTDESC96110_NEWS_MEDIUM;Abdul-Aziz, scion of the House of Saud, has returned to $COUNTRY$ from exile in Kuwait. Not only that, reports state the man has managed to forge an alliance with the southern Bedouin tribes and retaken Riyadh from $COUNTRY_ADJ$ control.;;;;;;;x,
EVTDESC96110_NEWS_SHORT;Abdul-Aziz, scion of the House of Saud, has forged an alliance with the southern Bedouin tribes and retaken Riyadh from $COUNTRY_ADJ$ control.;;;;;;;x
EVTNAME96120_NEWS_TITLE;The War of Arabian Domination;;;;;;;x,,
EVTDESC96120_NEWS_LONG;The lands of Arabia have been split between two competing royal houses for many years: the house of Saud and the house of Rashid, the latter supported at times by the Ottomans and the former often on good terms with the British. Matters have finally come to a head, and a war is brewing to determine the fate of Arabia once and for all. The head of the Rashidi family, ruler of Ha'il, has made a bid for dominance and called on their allies to join them in battle against Nejd.;;;;;;;x
EVTDESC96120_NEWS_MEDIUM;Matters in Arabia have finally come to a head, and a war is brewing to determine the fate of Arabia once and for all. The head of the Rashidi royal family, ruler of Ha'il, has made a bid for dominance and called on their allies to join them in battle against Saudis in Nejd.;;;;;;;x,
EVTDESC96120_NEWS_SHORT;The head of the Rashidi royal family, rulers of Ha'il, has made a bid for dominance and called on their allies to join them in battle against Saudis in Nejd.;;;;;;;x
EVTDESC96121_NEWS_LONG;The lands of Arabia have been split between two competing royal houses for many years: the house of Saud and the house of Rashid, the latter supported at times by the Ottomans and the former often on good terms with the British. Matters have finally come to a head, and a war is brewing to determine the fate of Arabia once and for all. The head of the Saudi family, ruler of Nejd, has made a bid for dominance and called on their allies to join them in battle against Ha'il.;;;;;;;x
EVTDESC96121_NEWS_MEDIUM;Matters in Arabia have finally come to a head, and a war is brewing to determine the fate of Arabia once and for all. The head of the Saudi royal family, ruler of Nejd, has made a bid for dominance and called on their allies to join them in battle against Rashidis in Ha'il.;;;;;;;x,
EVTDESC96121_NEWS_SHORT;The head of the Saudi royal family, ruler of Nejd, has made a bid for dominance and called on their allies to join them in battle against Rashidis in Ha'il.;;;;;;;x
EVTDESC96130_NEWS_LONG;There are rumblings in the international community regarding $COUNTRY$'s warlike demeanor, and some are talking about the need for a united front to contain $COUNTRY_ADJ$ aggression. There are even efforts to stir up their own citizens against them. 'Surely not all people in $COUNTRY$ agree with their government!' commented one leader. $COUNTRY$ will need to be careful, lest they face not a single enemy but that of the world's great powers united against them.;;;;;;;x
EVTDESC96130_NEWS_MEDIUM;There are rumblings in the international community regarding $COUNTRY$'s warlike demeanor, and some are talking about a united front to contain $COUNTRY_ADJ$ aggression. $COUNTRY$ will need to be careful, lest they face the world's great powers united against them.;;;;;;;x
EVTDESC96130_NEWS_SHORT;There are rumblings in the international community regarding $COUNTRY$'s warlike demeanor. $COUNTRY$ will need to be careful, lest they face the world's great powers united against them.;;;;;;;x,
EVTDESC96136_NEWS_LONG;$FROMCOUNTRY_ADJ$ diplomats have approached $COUNTRY$ with an ultimatum: dismantle immediately, or the great powers of the world will be forced to unite against you. It goes without saying that their demands are extremely humiliating, involving the surrender of all conquered territories among many other things. If they do not agree, however, $COUNTRY$ will face a great war which even they may not be able to deal with.;;;;;;;x
EVTDESC96136_NEWS_MEDIUM;$FROMCOUNTRY_ADJ$ diplomats have approached $COUNTRY$ with an ultimatum: dismantle immediately, or the great powers of the world will be forced to unite against you. If they do not agree, $COUNTRY$ will face a great war which even they may not be able to deal with.;;;;;;;x
EVTDESC96136_NEWS_SHORT;$FROMCOUNTRY_ADJ$ diplomats have approached $COUNTRY$ with an ultimatum: dismantle immediately, or the great powers of the world will be forced to unite against you.;;;;;;;x,
EVTDESC96170_NEWS_LONG;A Sudanese religious leader by the name of Muhammad Ahmad has proclaimed himself the Mahdi (or 'guided one') and begun a war to unify the tribes in western and central Sudan. While the local government in Khartoum initially dismissed this man, further reports indicate the Mahdi possesses a great deal of magnetism -- and his rallying call of driving all foreign presence out of the Sudan has gained him a large following. These Mahdists may prove to be a serious threat to $COUNTRY_ADJ$ rule of the Sudan.;;;;;;;x,
EVTDESC96170_NEWS_MEDIUM;A Sudanese religious leader by the name of Muhammad Ahmad has proclaimed himself the Mahdi (or 'guided one') and begun a war to unify the tribes in western and central Sudan. These Mahdists may prove to be a serious threat to $COUNTRY_ADJ$ rule of the Sudan.;;;;;;;x,,
EVTDESC96170_NEWS_SHORT;A Sudanese religious leader by the name of Muhammad Ahmad has proclaimed himself the Mahdi (or 'guided one') and begun a war against $COUNTRY$ to unify the tribes in western and central Sudan.;;;;;;;x,,
EVTDESC95250_NEWS_LONG;Brunei's control over its southern regions has only ever been nominal, and the region has been self-governed under the Sultan of Sarawak. During a recent crisis, an Englishman by the name of James Brooke provided the Brunei Sultan invaluable assistance in restoring order, and has been bestowed with the title of governor of Sarawak�known to the locals as the 'White Rajah'. This has made him the effective ruler, and with British influence his sultanate has become independent in truth.;;;;;;;x
EVTDESC95250_NEWS_MEDIUM;During a recent crisis, an Englishman by the name of James Brooke provided the Brunei Sultan invaluable assistance in restoring order, and has been bestowed with the title of governor of Sarawak�known to the locals as the 'White Rajah'.;;;;;;;x
EVTDESC95250_NEWS_SHORT;An Englishman by the name of James Brooke provided the Brunei Sultan invaluable assistance in restoring order, and has been bestowed with the rulership of Sarawak -- 'the White Rajah'.;;;;;;;x,
EVTDESC95260_NEWS_LONG;With the end of the democratic government of the United States, there is a growing feeling among many Americans that the principles upon which the country was founded no longer apply. Talk of secession is frequent, if quiet, and as unrest begins to grow it's become increasingly more possible that liberal-minded states will attempt to pull out of the Union. Already the rise of a new 'Sons of Liberty' movement heralds resistance against the totalitarian American government.;;;;;;;x,
EVTDESC95260_NEWS_MEDIUM;With the end of the democratic government of the United States, there is a growing feeling among many Americans that the principles upon which the country was founded no longer apply. Already the rise of a new 'Sons of Liberty' movement heralds resistance against the government.;;;;;;;x,
EVTDESC95260_NEWS_SHORT;The rise of a new 'Sons of Liberty' movement in the United States heralds the first resistance against the totalitarian American government.;;;;;;;x,,
EVTDESC95076_NEWS_LONG;A spontaneous protest by young Poles against conscription into the army has quickly erupted into a widespread insurrection across $COUNTRY$, supported by high-ranking Polish and Lithuanian officers and politicians. The eyes of all of Europe are upon $COUNTRY$, and if they deal with the insurgents too harshly it may hurt their relations with other European powers. If they do not, however, the uprising will surely spread even further.;;;;;;;x
EVTDESC95076_NEWS_MEDIUM;A spontaneous protest by young Poles against conscription into the army has quickly erupted into a widespread insurrection across $COUNTRY$, supported by high-ranking Polish and Lithuanian officers and politicians.;;;;;;;x,
EVTDESC95076_NEWS_SHORT;A spontaneous protest by young Poles over conscription into the army has quickly erupted into a widespread insurrection across $COUNTRY$.;;;;;;;x,,
EVTDESC95200_NEWS_LONG;A wave of nascent nationalism has begun stirring among the Turkmen peoples under $COUNTRY_ADJ$ rule. While the notion of a Turkmenian state is still a new concept, the possibility exists for this nationalistic fervor to spread and even lead to full rebellion in time. The $COUNTRY_ADJ$ government has vowed to watch this carefully, and even suppress it if necessary.;;;;;;;x
EVTDESC95200_NEWS_MEDIUM;A wave of nascent nationalism has begun stirring among the Turkmen peoples under $COUNTRY_ADJ$ rule. While the notion of a Turkmenian state is still a new concept, the possibility exists for this nationalistic fervor to spread and even lead to full rebellion in time.;;;;;;;x,
EVTDESC95200_NEWS_SHORT;A wave of nascent nationalism has begun stirring among the Turkmen peoples under $COUNTRY_ADJ$ rule, causing great concern to the $COUNTRY_ADJ$ government.;;;;;;;x,
EVTDESC95201_NEWS_LONG;A wave of nascent nationalism has begun stirring among the Khazak peoples under $COUNTRY_ADJ$ rule. While the notion of a Khazak state is still a new concept, the possibility exists for this nationalistic fervor to spread and even lead to full rebellion in time. The $COUNTRY_ADJ$ government has vowed to watch this carefully, and even suppress it if necessary.;;;;;;;x
EVTDESC95201_NEWS_MEDIUM;A wave of nascent nationalism has begun stirring among the Khazak peoples under $COUNTRY_ADJ$ rule. While the notion of a Khazak state is still a new concept, the possibility exists for this nationalistic fervor to spread and even lead to full rebellion in time.;;;;;;;x,
EVTDESC95201_NEWS_SHORT;A wave of nascent nationalism has begun stirring among the Khazak peoples under $COUNTRY_ADJ$ rule, causing great concern to the $COUNTRY_ADJ$ government.;;;;;;;x,
EVTDESC95205_NEWS_LONG;A wave of nascent nationalism has begun stirring among the Uzbek peoples under $COUNTRY_ADJ$ rule. While the notion of a single Uzbek state is still a new concept, the possibility exists for this nationalistic fervor to spread and even lead to full rebellion in time. The $COUNTRY_ADJ$ government has vowed to watch this carefully, and even suppress it if necessary.;;;;;;;x
EVTDESC95205_NEWS_MEDIUM;A wave of nascent nationalism has begun stirring among the Uzbek peoples under $COUNTRY_ADJ$ rule. While the notion of a single Uzbek state is still a new concept, the possibility exists for this nationalistic fervor to spread and even lead to full rebellion in time.;;;;;;;x,
EVTDESC95205_NEWS_SHORT;A wave of nascent nationalism has begun stirring among the Uzbek peoples under $COUNTRY_ADJ$ rule, causing great concern to the $COUNTRY_ADJ$ government.;;;;;;;x,
EVTDESC95210_NEWS_LONG;A wave of nascent nationalism has begun stirring among the Tajik peoples under $COUNTRY_ADJ$ rule. While the notion of a Tajik state is still a new concept, the possibility exists for this nationalistic fervor to spread and even lead to full rebellion in time. The $COUNTRY_ADJ$ government has vowed to watch this carefully, and even suppress it if necessary.;;;;;;;x
EVTDESC95210_NEWS_MEDIUM;A wave of nascent nationalism has begun stirring among the Tajik peoples under $COUNTRY_ADJ$ rule. While the notion of a Tajik state is still a new concept, the possibility exists for this nationalistic fervor to spread and even lead to full rebellion in time.;;;;;;;x,
EVTDESC95210_NEWS_SHORT;A wave of nascent nationalism has begun stirring among the Tajik peoples under $COUNTRY_ADJ$ rule, causing great concern to the $COUNTRY_ADJ$ government.;;;;;;;x,
EVTDESC95215_NEWS_LONG;A wave of nascent nationalism has begun stirring among the Kyrgyz peoples under $COUNTRY_ADJ$ rule. While the notion of a modern Kyrgyz state is still a new concept, the possibility exists for this nationalistic fervor to spread and even lead to full rebellion in time. The $COUNTRY_ADJ$ government has vowed to watch this carefully, and even suppress it if necessary.;;;;;;;x
EVTDESC95215_NEWS_MEDIUM;A wave of nascent nationalism has begun stirring among the Kyrgyz peoples under $COUNTRY_ADJ$ rule. While the notion of a modern Kyrgyz state is still a new concept, the possibility exists for this nationalistic fervor to spread and even lead to full rebellion in time.;;;;;;;x,
EVTDESC95215_NEWS_SHORT;A wave of nascent nationalism has begun stirring among the Kyrgyz peoples under $COUNTRY_ADJ$ rule, causing great concern to the $COUNTRY_ADJ$ government.;;;;;;;x,
EVTDESC36711_NEWS_LONG;With the aid of British mediation, Belgium and the Netherlands have signed the Treaty of London. The treaty guarantees Belgium`s independence in exchange for some territorial concessions and the vassalization of Luxembourg to the Dutch crown.;;;;;;;x,
EVTDESC36711_NEWS_MEDIUM;With the aid of British mediation, Belgium and the Netherlands have signed the Treaty of London. The treaty guarantees Belgium`s independence in exchange for some territorial concessions and the vassalization of Luxembourg to the Dutch crown.;;;;;;;x,
EVTDESC36711_NEWS_SHORT;With the aid of British mediation, Belgium and the Netherlands have signed the Treaty of London, guaranteeing Belgium`s independence in exchange for some territorial concessions.;;;;;;;x
EVTDESC36716_NEWS_LONG;Belgian forces have consolidated their control over Amsterdam and proven their superiority in the war, and thus the Dutch government has little choice but to accept any terms they dictate. The European powers have pushed for peace and conciliation-- they wish to see that Belgium keeps what it has and be satisfied with its independence-- though the Belgian government is said to be considering territorial demands. Doing so will almost certainly anger the powers of Europe.;;;;;;;x,
EVTDESC36716_NEWS_MEDIUM;Belgian forces have consolidated their control over Amsterdam and proven their superiority in the war, and thus the Dutch government has little choice but to accept any terms they dictate. The Belgian government is said to be considering territorial demands.;;;;;;;x,
EVTDESC36716_NEWS_SHORT;Belgian forces have consolidated their control over Amsterdam and proven their superiority in the war, and thus the Dutch have little choice but to accept any terms they dictate.;;;;;;;x,
EVTDESC44302_NEWS_LONG;Although the Canadian government promised to respect the rights of the M�tis, it did not appear to do so. M�tis petitions for recognition of their land-holdings and institutions went unheeded. The M�tis also became increasingly upset with the growing numbers of settlers from the east, invading their territories. In early $YEAR$, the situation came to a head when the M�tis once again took up arms in revolt. Adopting the Revolutionary Bill of Rights, the M�tis established their own government and independence from Canada.;;;;;;;x
EVTDESC44302_NEWS_MEDIUM;Although the Canadian government promised to respect the rights of the M�tis, it did not appear to do so. In early $YEAR$, the situation came to a head when the M�tis once again took up arms in revolt. They established their own government and declared independence from Canada.;;;;;;;x
EVTDESC44302_NEWS_SHORT;In early $YEAR$, the situation came to a head when the M�tis once again took up arms in revolt. They established their own government and declared independence from Canada.;;;;;;;x,
EVTNAME44305_NEWS_TITLE;Canadian Rebellions of $YEAR$;;;;;;;x,,
EVTDESC44305_NEWS_LONG;Perhaps inspired by the American Revolution, colonists in both the Lower Canada and Upper Canada colonies have risen up in rebellion against the British government. They are frustrated by the lack of political reform, as well as the entrenched power held by the reactionary elites of the 'Family Compact', and agitators are demanding responsible government if not outright independence. The colonial government has moved to arrest the perpetrators as traitors to the crown.;;;;;;;x,
EVTDESC44305_NEWS_MEDIUM;Perhaps inspired by the American Revolution, colonists in both the Lower Canada and Upper Canada colonies have risen up in rebellion against the British government. The colonial government has moved to arrest the perpetrators as traitors to the crown.;;;;;;;x,
EVTDESC44305_NEWS_SHORT;Perhaps inspired by the American Revolution, colonists in both the Lower Canada and Upper Canada colonies have risen up in rebellion against the British government.;;;;;;;x,
EVTDESC44310_NEWS_LONG;A gathering of governors from the Maritime colonies in North America has also been attended by governors from Canada. According to reports, they are attempting to organize a larger confederation of the colonies with an eye towards eventual self-government. The British government would like to see their North American colonies be more self-reliant, so is considering whether it is in their best interests to allow this union.;;;;;;;x
EVTDESC44310_NEWS_MEDIUM;A gathering of governors from the Maritime colonies in North America has also been attended by governors from Canada. According to reports, they are attempting to organize a larger confederation of the colonies with an eye towards eventual self-government.;;;;;;;x,
EVTDESC44310_NEWS_SHORT;Governors from the Maritime and Canadian colonies in North America have gathered, attempting to organize a larger confederation with an eye towards eventual self-government.;;;;;;;x,
EVTNAME44320_NEWS_TITLE;The Rupert's Land Act;;;;;;;x,,
EVTDESC44320_NEWS_LONG;A bill has been passing through the British Parliament which would see the entirety of Rupert's Land -- all North American colonial territory between British Columbia and Ontario-- offered to the Canadian dominion. Currently the land is administered by the Hudson's Bay Company, and thus the Canadian government would be required to purchase it. Should they choose to do so, it would strengthen Canada greatly and relieve the overextended British colonial holdings.;;;;;;;x
EVTDESC44320_NEWS_MEDIUM;A bill has been passing through the British Parliament which would see the entirety of Rupert's Land -- all North American colonial territory-- offered to the Canadian dominion. It would strengthen Canada greatly and relieve the overextended British colonial holdings.;;;;;;;x,,
EVTDESC44320_NEWS_SHORT;A bill has been passing through the British Parliament which would see the entirety of Rupert's Land -- all North American colonial territory-- offered to the Canadian dominion.;;;;;;;x,,
EVTDESC44322_NEWS_LONG;A British act which would have seen Canada offered the rights to purchase all of Rupert's Land�British territory from Ontario all the way to Columbia--from the Hudson's Bay Company has been defeated. Canadian dreams of uniting the continent from the Atlantic to the Pacific have been dashed in one fell swoop. Citizens in $CAPITAL$ are outraged at this betrayal.;;;;;;;x,,
EVTDESC44322_NEWS_MEDIUM;A British act which would have seen Canada offered the rights to purchase all of Rupert's Land�British territory from Ontario all the way to Columbia--from the Hudson's Bay Company has been defeated. Citizens in $CAPITAL$ are outraged at this betrayal.;;;;;;;x,,
EVTDESC44322_NEWS_SHORT;A British act which would have seen Canada offered the rights to purchase all British territory from Ontario to Columbia from the Hudson's Bay Company has been defeated.;;;;;;;x,,
EVTNAME44355_NEWS_TITLE;The Canadian National Railway;;;;;;;x,,
EVTDESC44355_NEWS_LONG;The first stage of the Canadian National Railway, linking Winnipeg to the Atlantic Coast, has been completed. Now work must begin on the next stages � crossing the Prairies and then the treacherous Rocky Mountains -- which will be considerably more difficult. This is, according to many," the only way that Canada will remain united as a country: 'From sea to shining sea,' as promised.;;;;;;;x",,,,
EVTDESC44355_NEWS_MEDIUM;The first stage of the Canadian National Railway, linking Winnipeg to the Atlantic Coast, has been completed. Now work must begin on the next stages � crossing the Prairies and then the treacherous Rocky Mountains -- which will be considerably more difficult.;;;;;;;x
EVTDESC44355_NEWS_SHORT;The first stage of the Canadian National Railway, linking Winnipeg to the Atlantic, has been completed. Now work must begin on the next stages, which will be considerably more difficult.;;;;;;;x,
EVTNAME32511_NEWS_TITLE;The Alaskan Purchase;;;;;;;x,,
EVTDESC32511_NEWS_LONG;Distant Alaska has become a burden to the Russian government, and so recently they began quietly approaching powers around the Pacific Rim in the interest of selling it. They found a buyer in $COUNTRY$, and a deal has been concluded where the entirety of Russian America is to be transferred to $COUNTRY_ADJ$ control for an undisclosed sum. Already the $COUNTRY_ADJ$ governor has arrived in Sitka to begin the new administration.;;;;;;;x
EVTDESC32511_NEWS_MEDIUM;Distant Alaska has become a burden to the Russian government � now they have found a buyer in $COUNTRY$, and a deal has been concluded where the entirety of Russian America is to be transferred to $COUNTRY_ADJ$ control.;;;;;;;x,
EVTDESC32511_NEWS_SHORT;A deal has been concluded between Russia and $COUNTRY$ where the entirety of Russian America is to be transferred to $COUNTRY_ADJ$ control.;;;;;;;x,,
EVTDESC80110_NEWS_LONG;A diplomat from Russia arrived in $COUNTRY$ to demand a readjustment of borders on the $COUNTRY_ADJ$ northeastern frontier -- agreed upon almost two hundred years ago. The Russians expressed desire for a southern port upon the Sea of Japan, meaning all of Haishenwai would be turned over to them. This is surely a veiled threat by the Russians, capitalizing on $COUNTRY$`s perceived weakness� but the $COUNTRY_ADJ$ government knows that, if the Russians do not get what they want, it will mean war.;;;;;;;x
EVTDESC80110_NEWS_MEDIUM;A diplomat from Russia arrived in $COUNTRY$ to demand a readjustment of borders on the $COUNTRY_ADJ$ northeastern frontier. The Russians expressed desire for a southern port upon the Sea of Japan, a veiled threat capitalizing on $COUNTRY$`s perceived weakness.;;;;;;;x,
EVTDESC80110_NEWS_SHORT;Russia has demanded readjustment of borders on the $COUNTRY_ADJ$ northeastern frontier, expressing desire for a southern port upon the Sea of Japan.;;;;;;;x,
EVTDESC90115_NEWS_LONG;A riot by Cuban Spanish loyalists recently broke out in Havana. The battleship USS Maine was sent to Havana in response to fears expressed by the American consulate that Americans in Cuba might be endangered. Not long after arriving, the Maine was rocked by an explosion, killing 268 of the crew and sinking the ship in the harbour. American newspapers have leapt on the event, painting pictures of Spanish atrocities which have whipped up the public into a rage. People are calling for war against Spain and intervention in Cuba.;;;;;;;x,
EVTDESC90115_NEWS_MEDIUM;The battleship USS Maine was sent to Cuba in response to fears that Americans might be endangered by riots. Not long after arriving, the Maine was rocked by an explosion, sinking the ship. American newspapers have leapt on the event, whipping up the public into a rage.;;;;;;;x,
EVTDESC90115_NEWS_SHORT;After the battleship USS Maine exploded and sank in the Havana harbour, American newspapers have leapt on the event and called for war against Spain and intervention in Cuba.;;;;;;;x,
EVTDESC90904_NEWS_LONG;It appears $FROMCOUNTRY$ has outgrown the ability of $COUNTRY$ to contain it. The $FROMCOUNTRY$ people have always been more accepting of western ways, to the point where they are now considered to be on par with civilized nations�unlike $COUNTRY$ itself. They have thrown off $COUNTRY_ADJ$ rule, and thus begun a rebellion which even $COUNTRY$ may be unable to contain� provided the $COUNTRY_ADJ$ monarchy does not simply allow them to chart their own course.;;;;;;;x
EVTDESC90904_NEWS_MEDIUM;It appears $FROMCOUNTRY$ has outgrown the ability of $COUNTRY$ to contain it. They have thrown off $COUNTRY_ADJ$ rule, and thus begun a rebellion which even $COUNTRY$ may be unable to contain� provided the $COUNTRY_ADJ$ monarchy does not allow them to chart their own course.;;;;;;;x,
EVTDESC90904_NEWS_SHORT;$FROMCOUNTRY$ has thrown off $COUNTRY_ADJ$ rule, and thus begun a rebellion which even $COUNTRY$ may be unable to contain� provided $COUNTRY$ does not allow them to go free.;;;;;;;x,
EVTNAME98008_NEWS_TITLE;Attempted Coup in $COUNTRY$!;;;;;;;x,,
EVTDESC98008_NEWS_LONG;A group of Czech radical democrats attempted to overthrow the $COUNTRY_ADJ$ government in a coup. The plot, however, did not succeed and was-- according to the $COUNTRY_ADJ$ authorities-- regarded only as a 'local attempt by a few misguided townsmen'. Further interviews revealed, however, that the actions of those 'misguided townsmen' have already inspired others to rise up in demand of freedom. Will their cause succeed? Only time will tell.;;;;;;;x
EVTDESC98008_NEWS_MEDIUM;Czech radical democrats attempted to coup the $COUNTRY_ADJ$ government. According to authorities the 'local attempt by a few misguided townsmen' did not succeed but further interviews revealed that those 'misguided' may have inspired others to rise up in demand of freedom.;;;;;;;x,,
EVTDESC98008_NEWS_SHORT;An attempt of Czech radical democrats - 'a few misguided townsmen', according to authorities - to overthrow the $COUNTRY_ADJ$ government did fail, but may have inspired others to rise up.;;;;;;;x
EVTNAME90016_NEWS_TITLE;$COUNTRY_ADJ$ Heir Assassinated!;;;;;;;x,,
EVTDESC90016_NEWS_LONG;Archduke Ferdinand, heir apparent to the throne of $COUNTRY$ and one of the most prominent members of $COUNTRY_ADJ$ aristocracy, has been murdered by a Serbian assassin, a member of a group of nationalists who seek to rejoin with the Serbian nation. Interviews with $COUNTRY_ADJ$ authorities revealed that there are definite suspicions that the Serbian government has been secretly helping these nationalists and is behind the event. A war with Serbia now does seem rather likely.;;;;;;;x,
EVTDESC90016_NEWS_MEDIUM;Archduke Ferdinand, heir apparent to the throne of $COUNTRY$ has been assassinated by a member of a group of Serbian nationalists who seek to rejoin with the Serbian nation. There are suspicions that the Serbian government is behind this plot and a war with Serbia does seem likely.;;;;;;;x,
EVTDESC90016_NEWS_SHORT;Archduke Ferdinand, heir apparent to the throne of $COUNTRY$ has been assassinated by a member of a Serbian nationalist group seeking to rejoin with the Serbian nation. Suspicions are that the Serbian government is behind this plot and a war with Serbia does seem likely.;;;;;;;x,
EVTNAME90017_NEWS_TITLE;The Hungarian Question;;;;;;;x,,
EVTDESC90017_NEWS_LONG;Many nations in the world have at least one minority group that claim their own cultural or national heritage. In these changing times some merely seek more political autonomy, whilst others want full-scale independence ? even through violent means. With the recent unrest in Hungarian lands, the local Hungarian government has now demanded greater autonomy from $COUNTRY_ADJ$ rule. One has to ask if a nation like $COUNTRY$ should truly become so bitterly divided between its ethnic groups that only a formal division can bring an end to its inner conflicts? ;;;;;;;x
EVTDESC90017_NEWS_MEDIUM;Cultural minority groups increasingly want political autonomy or full-scale independence ? even through violent means. The local Hungarian government now has demanded greater autonomy from $COUNTRY_ADJ$ rule. Should $COUNTRY$ truly become divided between its ethnic groups?;;;;;;;x,,
EVTDESC90017_NEWS_SHORT;Cultural minority groups increasingly want political autonomy or even full-scale independence. The local Hungarian government now has demanded greater autonomy from $COUNTRY_ADJ$ rule.;;;;;;;x,,
EVTDESC38505_NEWS_LONG;The death of Sa'id bin Sultan Al-Busaid of Oman has left him with two sons, each of which has claimed Oman as their own to rule. The result of this struggle has brought in foreign mediation, with the resulting decree that the nation will be split into two sultanates: one in Zanzibar and one in Muscat, each ruled by one of Al-Basaid's sons.;;;;;;;x,
EVTDESC38505_NEWS_MEDIUM;The death of Sa'id bin Sultan Al-Busaid of Oman has left him with two sons, each of which has claimed Oman as their own to rule. The resulting decree is that the nation will be split into two sultanates: one in Zanzibar and one in Muscat, each ruled by one of Al-Basaid's sons.;;;;;;;x
EVTDESC38505_NEWS_SHORT;The Sultan of Oman`s death has left him with two heirs claiming the throne. The result is that the nation will be split into two sultanates: one in Zanzibar and one in Muscat.;;;;;;;x,,
EVTDESC97000_NEWS_LONG;A growing dissatisfaction with the ruling government among Portugal's poor has grown into rebellion, spurred on by popular discontent with the prohibition against burials inside churches. The instigator of the initial riots is a woman by the name of Maria, and her nickname has come to be used to represent the rebellion -- which has a large contingent of peasant women among its supporters -- and which has been co-opted by revolutionaries in emulation of the rebellions elsewhere in Europe.;;;;;;;x,,,
EVTDESC97000_NEWS_MEDIUM;Dissatisfaction with Portugal`s government has grown into rebellion, spurred on by discontent with the prohibition against burials inside churches. The instigator of the initial riots is a woman by the name of Maria, and her nickname has come to be used to represent the rebellion.;;;;;;;x
EVTDESC97000_NEWS_SHORT;Dissatisfaction with Portugal`s government has grown into a rebellion. The instigator of the initial riots is a woman named Maria, and her nickname has come to represent the rebellion.;;;;;;;x,
EVTDESC97003_NEWS_LONG;Reacting to the spreading revolts in Portugal, Queen Maria II has suspended the constitution and installed a reactionary government presided over by Jo�o Francisco de Saldanha Oliveira e Daun, 1st Duke of Saldanha. This has served to spur on Portugal's liberals to outrage, and begun talk of civil war.;;;;;;;x,
EVTDESC97003_NEWS_MEDIUM;Reacting to the spreading revolts in Portugal, Queen Maria II has suspended the constitution and installed a reactionary government presided over by the Duke of Saldanha. This has served to spur on Portugal`s liberals to outrage, and begun talk of civil war.;;;;;;;x
EVTDESC97003_NEWS_SHORT;Reacting to the spreading revolts in Portugal, Queen Maria II has angered liberals by suspending the constitution and installing a reactionary government presided over by the Duke of Saldanha.;;;;;;;x,
EVTDESC97015_NEWS_LONG;Upon returning to Lisbon from a brief trip abroad, King Carlos I of Portugal and the royal family had their carriage fired upon by republican activists as they passed through the Terreiro do Pa�o. Three of the bullets struck and killed the King, while another fatally wounded the heir to the throne, Luis Filipe. During the turmoil, police killed the assassins... but the King and the royal heir were not saved and were pronounced dead at the Naval Arsenal soon afterwards. Manuel, the king's youngest son, has been quickly acclaimed as the new King of Portugal.;;;;;;;x
EVTDESC97015_NEWS_MEDIUM;Upon returning to Lisbon from a brief trip abroad, King Carlos I of Portugal and the royal heir were slain as their carriage was fired upon by republican activists. Manuel, the king's youngest son, has been acclaimed as the new King of Portugal.;;;;;;;x,
EVTDESC97015_NEWS_SHORT;Upon returning from a brief trip abroad, King Carlos I of Portugal and the royal heir were slain by republican activists. Manuel, the king's youngest son, has been acclaimed the new King.;;;;;;;x,
EVTDESC97020_NEWS_LONG;With the Portuguese monarchy already weakened by the death of King Carlos, republican opponents have been able to gather considerable support in Lisbon. Members of the Carbon�ria, republican youth, and elements of the army instigated a coup d'�tat in the palace. The young King Manuel and his family reportedly escaped for exile to England, and only days later a new Portuguese Republic was declared in Lisbon.;;;;;;;x
EVTDESC97020_NEWS_MEDIUM;Members of the Carbon�ria, republican youth, and elements of the army have overthrown the Portuguese monarchy in a coup d'�tat. The young King Manuel and his family reportedly escaped for exile to England, and only days later a new Portuguese Republic was declared in Lisbon.;;;;;;;x,
EVTDESC97020_NEWS_SHORT;Members of the Carbon�ria have overthrown the Portuguese monarchy in a coup d'�tat. King Manuel and his family escaped for exile to England, and a new Portuguese Republic has been declared.;;;;;;;x,
EVTDESC97116_NEWS_LONG;With the death of Ranjit Singh, a vacancy has been left in the leadership of the Sikh Empire which will not be easily filled. The Maharajah's heir died suspiciously within months, as did the heir to follow, all due to infighting among the Panjabi princes struggling to maintain power. As Sikhs pour into the British frontier, it seems they will inevitably be drawn into the conflict.;;;;;;;x
EVTDESC97116_NEWS_MEDIUM;With the death of Ranjit Singh, a vacancy has been left in the leadership of the Sikh Empire and caused much infighting among the Panjabi princes. As Sikhs pour into the British frontier, it seems they will inevitably be drawn into the conflict.;;;;;;;x
EVTDESC97116_NEWS_SHORT;With the death of Ranjit Singh, infighting among the Panjabi princes has erupted. As Sikhs pour into the British frontier, it seems they will inevitably be drawn into the conflict.;;;;;;;x
EVTDESC90038_NEWS_SHORT;According to reports, the French government has been approached by a Sardinian envoy -- the Count of Cavour -- who has made an interesting proposal: an alliance to make war against Austria.;;;;;;;x,
EVTDESC98206_NEWS_MEDIUM;The Boer encroachment into Zulu lands has provoked a reaction: the Battle of Blood River. The Boers won a decisive victory, and have now carved out a new colony -- with the only question remaining whether the British will recognize their independence.;;;;;;;x,
EVTDESC98206_NEWS_SHORT;The Boer encroachment into Zulu lands has provoked the Battle of Blood River. The Boers won a decisive victory, and now the question is whether the British will recognize their independence.;;;;;;;x,
EVTDESC98207_NEWS_LONG;The Boers which have trekked eastward into Zulu lands have reached a surprising settlement with the natives: they have staked out permanent borders for their new colony, and done so in relative peace. The real question remains whether the British will allow this new Natalia Republic to stand. The Boers are British subjects, after all, and their existence will no doubt draw more Boers to their side... perhaps providing a threat to British ambitions in Africa.;;;;;;;x,
EVTDESC98207_NEWS_MEDIUM;The Boers which have trekked into Zulu lands have reached a surprising settlement with the natives: they have staked out permanent borders for their new colony, and done so in relative peace. The real question remains whether the British will allow this new Natalia Republic to stand.;;;;;;;x,
EVTDESC98207_NEWS_SHORT;The Boers which have trekked into Zulu lands have reached a settlement with the natives and staked out permanent borders for the Natalia Republic � which the British consider to be subjects.;;;;;;;x,,
EVTDESC98210_NEWS_LONG;The Boers of Natalia are once again chafing under British rule, resenting the idea that even though they left the Cape Colony they have not escaped the British crown. There have been several altercations with British military forces, and the British government in Cape Town has recommended that Natal be annexed before the situation grows worse. Others have suggested that the Boers be allowed to go their own way, regardless of the blow to British prestige.;;;;;;;x,
EVTDESC98210_NEWS_MEDIUM;There have been several altercations with British military forces in Natal, and the British colonial government has recommended that Natal be annexed before the situation grows worse. Others have suggested that the Boers be allowed to go their own way.;;;;;;;x,
EVTDESC98210_NEWS_SHORT;There have been several altercations with British military forces in Natal, and the British colonial government has recommended that Natal be annexed before the situation grows worse.;;;;;;;x,
EVTDESC98230_NEWS_LONG;British colonial authorities have met with the $COUNTRY_ADJ$ government to determine the requirements for independence. They wish to see British influence in $COUNTRY$ remain strong, and would see them abandon any laws allowing slavery or the 'unethical' treatment of foreigners working in $COUNTRY_ADJ$ territory ('uitlanders', as they are called). While $COUNTRY_ADJ$ independence is a foregone conclusion, they are deciding whether they wish future conflict with the British.;;;;;;;x,
EVTDESC98230_NEWS_MEDIUM;British colonial authorities have met with the $COUNTRY_ADJ$ government to determine the terms of independence. They wish to see British influence in $COUNTRY$ remain strong, and would see them abandon any laws allowing slavery or the 'unethical' treatment of foreign workers.;;;;;;;x,
EVTDESC98230_NEWS_SHORT;British colonial authorities have met with the $COUNTRY_ADJ$ government to determine the terms of their independence from colonial rule.;;;;;;;x,,
EVTDESC98245_NEWS_LONG;The British colonial governor in South Africa reportedly declared an annexation of the Transvaal via special warrant several years ago, one that the Boers have stubbornly resisted. Both Transvaal and the Oranje Free State have considerable resources which would be of value to $COUNTRY$, and thus the Boer resistance has proven embarrassing. If they do not answer this with force, it will harm British prestige.;;;;;;;x,
EVTDESC98245_NEWS_MEDIUM;The British colonial governor in South Africa reportedly declared an annexation of the Transvaal via special warrant several years ago, one that the Boers have stubbornly resisted.;;;;;;;x,
EVTDESC98245_NEWS_SHORT;The British colonial governor in South Africa reportedly declared an annexation of the Transvaal via special warrant several years ago, one that the Boers have stubbornly resisted.;;;;;;;x,
EVTDESC98247_NEWS_LONG;The Boers have proven far more resilient than the world would ever have thought possible, and now the British face the humiliating prospect of surrendering the Cape Colony to them. It seems they have little choice, with the war going so poorly and Cape Town already occupied. Preparations are underway for a meeting with the Boers at Vereeniging to determine the terms of British surrender.;;;;;;;x
EVTDESC98247_NEWS_MEDIUM;The Boers have proven far more resilient than the world would ever have thought possible, and now preparations are underway for a meeting with the Boers at Vereeniging to determine the terms of British surrender.;;;;;;;x,
EVTDESC98247_NEWS_SHORT;The Boers have proven far more resilient than expected, and now preparations are underway for a meeting with the Boers at Vereeniging to determine the terms of British surrender.;;;;;;;x,
EVTDESC80127_NEWS_SHORT;A revolt in the Chinese province of $COUNTRY$ has been successful as the rebel leader confirmed the peace terms. $COUNTRY$ will be under close observation by foreign governments, as usual.;;;;;;;x,
EVTDESC85000_NEWS_LONG;There has been increasing violence against French missionaries in Korea, recently culminating in the execution of Bishop Sim�on-Fran�ois Berneux -- head of the fledgling Korean Catholic Church -- and the subsequent killing of almost all priests in the country as well as thousands of Catholic Koreans. One surviving priest fled to the Qing Empire, relaying his tale to a French war vassal which then launched a punitive expedition with the support of the French consul in Peking.;;;;;;;x
EVTDESC85000_NEWS_MEDIUM;There has been increasing violence against French missionaries in Korea, recently culminating in the killing of thousands of Catholic Koreans. One surviving priest relayed his tale to a French war vassal, which then launched a punitive expedition against the Koreans.;;;;;;;x
EVTDESC85000_NEWS_SHORT;There has been increasing violence against French missionaries in Korea, recently culminating in the killing of thousands of Catholic Koreans.;;;;;;;x,
EVTDESC85010_NEWS_LONG;A $COUNTRY_ADJ$ vessel, surveying the Korean coastline and damaged by a storm, was drawing near Ganghwa Island in search of safe harbour when it was fired on by the coastal Korean fortress. In a fury, the $COUNTRY_ADJ$ ship returned fire and then landed a party to battle the Koreans on land. After victory, they returned home-- but word of the assault has spread to the rest of Japan and sparked a diplomatic incident.;;;;;;;x
EVTDESC85010_NEWS_MEDIUM;A $COUNTRY_ADJ$ vessel, surveying the Korean coastline and damaged by a storm, was fired on by a coastal Korean fortress. In a fury, the $COUNTRY_ADJ$ ship returned fire-- and word of the assault has spread to the rest of Japan and sparked a diplomatic incident.;;;;;;;x,
EVTDESC85010_NEWS_SHORT;A $COUNTRY_ADJ$ vessel, damaged by a storm, was fired on by a coastal Korean fortress. Word of the assault has spread to the rest of Japan and sparked a diplomatic incident.;;;;;;;x
EVTDESC85020_NEWS_LONG;With increasing frustration against government corruption and foreign influence in $COUNTRY$, a rebel movement has appeared among followers of the Tonghak or 'Eastern Learning' ideology. They have been stirring up the $COUNTRY_ADJ$ peasant classes, forming poorly-armed if numerous armies to purge the capital and rid the country of Japanese and other foreign presences. $COUNTRY$ will need to move quickly if they wish to prevent these rebels from overthrowing the government or causing an incident with neighbouring powers.;;;;;;;x
EVTDESC85020_NEWS_MEDIUM;With increasing frustration against foreign influence in $COUNTRY$, a rebel movement has appeared among followers of the Tonghak or 'Eastern Learning' ideology. They have been stirring up the $COUNTRY_ADJ$ peasant classes to rid the country of Japanese and other foreign presences.;;;;;;;x,
EVTDESC85020_NEWS_SHORT;With increasing frustration against foreign influence in $COUNTRY$, a rebel movement has appeared among followers of the Tonghak or 'Eastern Learning' ideology.;;;;;;;x,
EVTDESC85028_NEWS_LONG;Responding to rumors of $COUNTRY$'s intended intervention in Korea, $FROMCOUNTRY_ADJ$ forces entered Seoul and captured the Korean Imperial Palace in a swift coup. A pro-Japanese government has been installed, effectively rendering Korea a $FROMCOUNTRY_ADJ$ vassal, with orders to end any agreements and alliances with $COUNTRY$ and ban $COUNTRY_ADJ$ forces from entering their nation. $COUNTRY_ADJ$ forces are massing on the border, possibly indicating war to come.;;;;;;;x
EVTDESC85028_NEWS_MEDIUM;$FROMCOUNTRY_ADJ$ forces recently entered Seoul and captured the Korean Imperial Palace in a swift coup, effectively rendering Korea a $FROMCOUNTRY_ADJ$ vassal, with orders to end any agreements and alliances with $COUNTRY$ and ban $COUNTRY_ADJ$ forces from entering their nation.;;;;;;;x
EVTDESC85028_NEWS_SHORT;$FROMCOUNTRY_ADJ$ forces entered Seoul and captured the Korean Imperial Palace in a swift coup, effectively rendering Korea a $FROMCOUNTRY_ADJ$ vassal.;;;;;;;x,
EVTDESC98620_NEWS_LONG;With the Ottoman government having indicated its willingness to provide reforms, an intellectual class known as the Young Ottomans has arisen -- men influenced by the ideals of the French Revolution who are advocating the assumption of secular rather than religious laws as well as the provision of rights to ethnic minorities. This, they say, will help stem the tide of decay in the Empire.;;;;;;;x,
EVTDESC98620_NEWS_MEDIUM;With the Ottoman government having indicated its willingness to provide reforms, an intellectual class known as the Young Ottomans has arisen-- advocating the assumption of secular rather than religious laws as well as the provision of rights to ethnic minorities.;;;;;;;x,
EVTDESC98620_NEWS_SHORT;An intellectual class known as the Young Ottomans has arisen in the Ottoman Empire -- advocating secular rather than religious laws as well as the provision of rights to ethnic minorities.;;;;;;;x,,
EVTDESC98626_NEWS_LONG;The current state of unrest within the Ottoman Empire has reached the point where the Sultan has been advised to abrogate the constitution. While there are those who say that such action will only foster more unrest, there are others who are all too aware that failing to do so will make the Sultan look weak. It is not beyond the realm of possibility that reactionaries might seek to restore the monarchy by force -- or, even worse, seek to abolish it altogether.;;;;;;;x,
EVTDESC98626_NEWS_MEDIUM;The current state of unrest within the Ottoman Empire has reached the point where the Sultan has been advised to abrogate the constitution. While some say such action will only foster more unrest, others are all too aware that failing to do so will make the Sultan look weak.;;;;;;;x,
EVTDESC98626_NEWS_SHORT;The current state of unrest within the Ottoman Empire has reached the point where the Sultan has been advised to abrogate the constitution as a desperate bid to restore order.;;;;;;;x,,
EVTDESC98636_NEWS_MEDIUM;Turkish liberals have grown increasingly defiant of the Ottoman monarchy -- to the point where they suggest that the Sultan must be overthrown, replaced with a modern republic. They reject the notion of Ottomanism, saying it has already led to the Empire's decline.;;;;;;;x
EVTDESC98636_NEWS_SHORT;Turkish liberals have grown increasingly defiant of the Ottoman monarchy -- to the point where they suggest that the Sultan must be overthrown, replaced with a modern republic.;;;;;;;x,
EVTDESC98640_NEWS_SHORT;The Ottoman monarchy has been overthrown, and now $COUNTRY$ stands in its place. An Empire formed of diverse cultures has been set aside in favor of a nation built for the Turkish people.;;;;;;;x,
EVTDESC97503_NEWS_LONG;A crisis brews in the Levant: the French government has successfully pressured $FROMCOUNTRY$ into accepting their claim of authority over Christian holy sites in Palestine -- authority which has traditionally belonged to Russia ever since the 1774 Treaty of K���k Kaynarca. The Russians consider this a breach of the treaty and a threat to Russian interests in the Holy Land.;;;;;;;x,,
EVTDESC97503_NEWS_MEDIUM;A crisis brews in the Levant: the French government has successfully pressured $FROMCOUNTRY$ into accepting their claim of authority over Christian holy sites in Palestine -- authority which has traditionally belonged to Russia ever since the 1774 Treaty of K���k Kaynarca.;;;;;;;x,,
EVTDESC97503_NEWS_SHORT;The French government has pressured $FROMCOUNTRY$ into accepting their claim of authority over Christian holy sites in Palestine�authority which has traditionally rested with Russia.;;;;;;;x,,
EVTDESC95616_NEWS_LONG;Unrest within $FROMCOUNTRY$ against $COUNTRY_ADJ$ rule has reached a boiling point, and $CAPITAL$ is seriously considering ruling them directly. Should $COUNTRY$ choose not to upset the balance of power in the region so drastically, they may find $FROMCOUNTRY$ soon taken from their control and turned into a target for another power's expansion.;;;;;;;x
EVTDESC95616_NEWS_MEDIUM;Unrest within $FROMCOUNTRY$ against $COUNTRY_ADJ$ rule has reached a boiling point, and $CAPITAL$ is seriously considering ruling them directly. Should they choose not to do so, they may find $FROMCOUNTRY$ soon taken from their control.;;;;;;;x
EVTDESC95616_NEWS_SHORT;Unrest within $FROMCOUNTRY$ against $COUNTRY_ADJ$ rule has reached a boiling point, and $CAPITAL$ is considering taking direct control of the country.;;;;;;;x,
EVTDESC95613_NEWS_LONG;As tensions are rising in Central Asia, several $FROMCOUNTRY_ADJ$ soldiers accidentally crossed the $COUNTRY_ADJ$ border. $COUNTRY_ADJ$ soldiers were killed, and even more were wounded. Though the $FROMCOUNTRY_ADJ$ government is apologetic, voices in $CAPITAL$ are calling to move in and assume control of their country. How such an action would affect the stability in the region is anyone's guess.;;;;;;;x,
EVTDESC95613_NEWS_MEDIUM;Tensions are rising in Central Asia as several $FROMCOUNTRY_ADJ$ soldiers crossed the $COUNTRY_ADJ$ border, wounding and killing several soldiers. Voices in $CAPITAL$ are calling to move in and assume control of the $FROMCOUNTRY_ADJ$ government.;;;;;;;x,
EVTDESC95613_NEWS_SHORT;Tensions are rising as several $FROMCOUNTRY_ADJ$ soldiers crossed the $COUNTRY_ADJ$ border, wounding and killing several soldiers. Voices in $CAPITAL$ are calling to take action.;;;;;;;x,
EVTDESC152009873_NEWS_LONG;$COUNTRY_ADJ$ army forces in $CAPITAL$ have made their way toward the government buildings -- not to protect the $COUNTRY_ADJ$ government as is their duty, but instead to oust the leaders and install themselves as $COUNTRY$'s new rulers. They claim that $COUNTRY$ is in a state of 'upheaval', and only the army can restore order. It is not yet known whether they will be successful in their attempted overthrow.;;;;;;;x
EVTDESC152009873_NEWS_MEDIUM;$COUNTRY_ADJ$ army forces in $CAPITAL$ have made their way toward the government buildings -- not to protect the $COUNTRY_ADJ$ government as is their duty, but instead to oust the leaders and install themselves as $COUNTRY$'s new rulers.;;;;;;;x,
EVTDESC152009873_NEWS_SHORT;$COUNTRY_ADJ$ army forces in $CAPITAL$ have made their way toward the government buildings to oust the leaders and install themselves as $COUNTRY$'s new rulers.;;;;;;;x,,
EVTDESC98607_NEWS_LONG;As the times of change unfold many states peacefully seek to free themselves from the remaining bonds � and often chains � of their former sovereign. The $FROMCOUNTRY_ADJ$ government has finally approved the $COUNTRY_ADJ$ appeal for full and independent rights to maintain diplomatic relations and to conclude treaties with other states. This point also marks the beginning of a rather unforeseeable future for $FROMCOUNTRY$ as the country must now take its path without the former partner � or vassal, as the now-free people of $COUNTRY$ once called themselves.;;;;;;;x,
EVTDESC98607_NEWS_MEDIUM;The $FROMCOUNTRY_ADJ$ government has finally approved the $COUNTRY_ADJ$ appeal for full and independent rights to maintain diplomatic relations and to conclude treaties with other states. $FROMCOUNTRY$ must now take its path without the former partner � or vassal.;;;;;;;x,,
EVTDESC98607_NEWS_SHORT;$FROMCOUNTRY$ has approved the $COUNTRY_ADJ$ appeal for full rights to maintain diplomatic relations and to conclude treaties with other states. The former vassal state is now free.;;;;;;;x,,
EVTDESC98608_NEWS_LONG;As the times of change unfold many states want to free themselves from the remaining chains of their former sovereign � even in force if necessary. The $FROMCOUNTRY_ADJ$ government - by the threat of a war of independence - has finally given in to $COUNTRY_ADJ$ demands for full and independent rights to maintain diplomatic relations and to conclude treaties with other states. $FROMCOUNTRY$ must now take its path without the former vassal while all men and women in $COUNTRY$ celebrate their final independence.;;;;;;;x,,
EVTDESC98608_NEWS_MEDIUM;On the verge of a war for independence the $FROMCOUNTRY_ADJ$ government has finally given in to $COUNTRY_ADJ$ demands for full rights to maintain diplomatic relations and to conclude treaties with other states. $FROMCOUNTRY$ must now take its path without the former vassal.;;;;;;;x,,
EVTDESC98608_NEWS_SHORT;$FROMCOUNTRY$ has given in to $COUNTRY_ADJ$ demands for full rights to maintain diplomatic relations and to conclude treaties with other states. The former vassal state is now free.;;;;;;;x,,
EVTNAME98613_NEWS_TITLE;$COUNTRY_ADJ$ Allies;;;;;;;x,,
EVTDESC98613_NEWS_LONG;As the times of change unfold many states want to free themselves from the remaining chains of their former sovereign � in force if necessary. More than often they have to face their former sovereign alone, yet recent reports indicate that $FROMCOUNTRY$ has agreed to enter an alliance with $COUNTRY$ in order to end the ongoing $COUNTRY_ADJ$ vassalization. It remains to be seen whether they will truly help once a war of independence begins. Diplomatic relations between the vassal state and its sovereign have deteriorated nonetheless.;;;;;;;x,
EVTDESC98613_NEWS_MEDIUM;Reports indicate that $FROMCOUNTRY$ has entered an alliance with $COUNTRY$ in order to end the ongoing $COUNTRY_ADJ$ vassalization. As their help in a war of independence remains to be seen, diplomatic relations between the vassal state and its sovereign have deteriorated nonetheless.;;;;;;;x,
EVTDESC98613_NEWS_SHORT;Reports are that $FROMCOUNTRY$ has allied with $COUNTRY$ to end the ongoing $COUNTRY_ADJ$ vassalization. Diplomatic relations between the vassal state and its sovereign have deteriorated.;;;;;;;x,,
EVTDESC90076_NEWS_LONG;Egypt has been effectively independent of the Ottoman Empire for some time. Now that independence has become all too apparent, and Ottoman mastery over the Orient is threatened. The Ottomans must either assert their dominance once and for all or admit their power is little more than an illusion. There are those who feel that a peaceful solution is possible, and that the Egyptians might better serve as powerful allies than as implacable enemies, but that would require the Ottomans to surrender their claim to the Levant as well as be an affront to Ottoman pride.;;;;;;;x,
EVTDESC90076_NEWS_MEDIUM;Egypt has been effectively independent of the Ottoman Empire for some time. Now that independence has become all too apparent, and Ottoman mastery over the Orient is threatened. The Ottomans must either assert their dominance or admit their power is little more than an illusion.;;;;;;;x,
EVTDESC90076_NEWS_SHORT;Egyptian independence has become all too apparent, and Ottoman mastery over the Orient is threatened. The Ottomans must either assert their dominance or admit their power is an illusion.;;;;;;;x,
EVTDESC90080_NEWS_LONG;The Turks have proven unable to retake the Levant from Egypt since the first outbreak of war many years ago, despite all the assistance they received from the rest of Europe. Even the great powers of the world now admit that the Levant rightfully belongs to the Egyptians, and that the 'Sick Man of Europe' has no claim over it.;;;;;;;x
EVTDESC90080_NEWS_MEDIUM;The Turks have proven unable to retake the Levant from Egypt, despite all the assistance they received from the rest of Europe. Even the great powers of the world now admit that the Levant rightfully belongs to the Egyptians, and that the 'Sick Man of Europe' has no claim over it.;;;;;;;x
EVTDESC90080_NEWS_SHORT;The Turks have proven unable to retake the Levant, despite all the assistance they received. Even the great powers of the world now admit that the Levant rightfully belongs to the Egyptians.;;;;;;;x,
EVTDESC90088_NEWS_LONG;The Egyptians have raised the white flag, clearly unable to resist the combined forces of the Ottomans and the European powers supporting them. They have offered to abide by the original Convention of London and return both Crete and the majority of the Levant to Ottoman control�while leaving them nominally independent and Muhammad Ali as Egypt`s ruler. Should the Empire refuse this offer, it`s likely the rest of Europe will turn against it.;;;;;;;x
EVTDESC90088_NEWS_MEDIUM;The Egyptians have raised the white flag, clearly unable to resist the combined forces of the Ottomans and the European powers supporting them. They have offered to abide by the original Convention of London and return both Crete and the majority of the Levant to Ottoman control.;;;;;;;x,
EVTDESC90088_NEWS_SHORT;The Egyptians have raised the white flag, clearly unable to resist the combined forces of the Ottomans and the European powers supporting them.;;;;;;;x,
EVTDESC97110_NEWS_LONG;The people of India are diverse, consisting of numerous cultures and languages throughout the sub-continent. Seldom has there been any serious credence given to the idea of a single union crossing all cultural boundaries, save by force of arms. This has recently changed, with Indian nationalists in $COUNTRY$ calling for a true union -- one powerful enough to resist all imperialist efforts to conquer it. Surprisingly, their calls have received a great deal of attention.;;;;;;;x,
EVTDESC97110_NEWS_MEDIUM;Seldom has there been any serious credence given to the idea of a single Indian union crossing all cultural boundaries, save by force of arms. This has recently changed, with Indian nationalists in $COUNTRY$ calling for a true union-- their calls have received a great deal of attention.;;;;;;;x
EVTDESC97110_NEWS_SHORT;Seldom has there been any serious credence given to the idea of a single Indian union. This has recently changed, with nationalists in $COUNTRY$ calling for Indian cultures to unite.;;;;;;;x,
EVTDESC19370_NEWS_LONG;$FROMCOUNTRY_ADJ$ soldiers marched into $CAPITAL$ today, accompanying the new $FROMCOUNTRY_ADJ$ governor who will be overseeing the operation of the $COUNTRY_ADJ$ puppet government. Already the $COUNTRY_ADJ$ people are up in arms over this imposition by a foreign power, though some are clearly questioning whether there is anything to be done. $COUNTRY$ did not submit willingly, after all, and if a rebellion breaks them free of $FROMCOUNTRY_ADJ$ control would $FROMCOUNTRY$ not simply invade once again?;;;;;;;x
EVTDESC19370_NEWS_MEDIUM;$FROMCOUNTRY_ADJ$ soldiers marched into $CAPITAL$ today, accompanying the new $FROMCOUNTRY_ADJ$ governor who will be overseeing the operation of the $COUNTRY_ADJ$ puppet government. Already the $COUNTRY_ADJ$ people are up in arms over this imposition by a foreign power.;;;;;;;x,
EVTDESC19370_NEWS_SHORT;$FROMCOUNTRY_ADJ$ soldiers marched into $CAPITAL$ today, accompanying the new $FROMCOUNTRY_ADJ$ governor who will be overseeing the operation of the $COUNTRY_ADJ$ puppet government.;;;;;;;x,
EVTDESC19200_NEWS_LONG;'His Majesty the King thereupon refused to receive the Ambassador again and had the latter informed by the Adjutant of the day that His Majesty had no further communication to make to the Ambassador.' This reads the dispatch to the French government, resulting in a diplomatic incident between France and $FROMCOUNTRY$ -- a perceived snubbing of the French ambassador, by the Prussian King, at the Monarch's vacation resort at Bad Ems, Hesse-Nassau, Prussia. Rumors claim that the dispatch might have been purposely engineered by German officials to provoke a war.;;;;;;;x,
EVTDESC19200_NEWS_MEDIUM;A diplomatic conflict has erupted between France and Germany following a perceived snubbing of the French ambassador, by the Prussian King, at the Monarch's vacation resort at Bad Ems. Rumors claim this might have been purposely engineered to provoke a war.;;;;;;;x
EVTDESC19200_NEWS_SHORT;A diplomatic conflict has erupted between France and Germany following a perceived snubbing of the French ambassador, by the Prussian King, at the Monarch's vacation resort at Bad Ems.;;;;;;;x
EVTDESC19300_NEWS_LONG;The people of France have presented to the people of our country a spectacular gift. An enormous copper statue, 151 ft. tall, depicting a woman carrying a torch, representing and named 'Liberty Enlightening The World'. The design has been carried out by one Frederic Auguste Bartholdi, and a place has been set aside for the statue on an island in a great harbour. The statue will henceforth be known, simply, as 'The Statue of Liberty'.;;;;;;;x
EVTDESC19300_NEWS_MEDIUM;The people of France have presented to the people of our country a spectacular gift. An enormous copper statue depicting a woman carrying a torch, representing and named 'Liberty Enlightening The World'. The statue will henceforth be known, simply, as 'The Statue of Liberty'.;;;;;;;x,
EVTDESC19300_NEWS_SHORT;The people of France have presented to the people of our country a spectacular gift. An enormous copper statue depicting a woman carrying a torch, known as 'the Statue of Liberty'.;;;;;;;x,
EVTDESC95500_NEWS_LONG;The colonial powers of Europe gathered in $CAPITAL$ to discuss the regulation of colonization and trade in Africa�in the interest of avoiding undue conflict, even if some have privately expressed doubt that Europe's powers will avoid fighting regardless of what was decided there. The outcome has become known as the 'General Act of the $CAPITAL$ Conference', formalizing the scramble for the African continent. After this point, any civilized European nation will largely be seen as justified in aggression towards uncivilized African nations.;;;;;;;x,
EVTDESC95500_NEWS_MEDIUM;The colonial powers of Europe gathered in $CAPITAL$ to discuss the regulation of colonization and trade in Africa. The outcome has become known as the 'General Act of the $CAPITAL$ Conference', formalizing the scramble for the African continent.;;;;;;;x,
EVTDESC95500_NEWS_SHORT;The colonial powers of Europe gathered in $CAPITAL$ to discuss the regulation of colonization and trade in Africa, formalizing the scramble for the African continent.;;;;;;;x,
EVTNAME95507_NEWS_TITLE;$COUNTRY_ADJ$ Nationals Expelled;;;;;;;x,,
EVTDESC95507_NEWS_LONG;For years, $COUNTRY$ has enjoyed a great deal of influence in the African nation of $FROMCOUNTRY$. Indeed, most of the world considers $FROMCOUNTRY$ to be a $COUNTRY_ADJ$ protectorate in all but name. The $FROMCOUNTRY_ADJ$ people disagree. Recently, their government summarily expelled the $COUNTRY_ADJ$ trade consul, and other $COUNTRY_ADJ$ nationals have followed�each being threatened with execution if they remained. $COUNTRY$'s influence has been eliminated, and now the $COUNTRY_ADJ$ government must react if it is to maintain its investment.;;;;;;;x,
EVTDESC95507_NEWS_MEDIUM;Recently, the $FROMCOUNTRY_ADJ$ government summarily expelled the $COUNTRY_ADJ$ trade consul, and other $COUNTRY_ADJ$ nationals have followed�each being threatened with execution if they remained. $COUNTRY$'s influence there has been eliminated.;;;;;;;x
EVTDESC95507_NEWS_SHORT;Recently, the $FROMCOUNTRY_ADJ$ government expelled the $COUNTRY_ADJ$ trade consul, and other $COUNTRY_ADJ$ nationals have followed�each being threatened with execution if they remained.;;;;;;;x
EVTDESC800065_NEWS_LONG;Recent news has surfaced of a tense confrontation at the $FROMCOUNTRY_ADJ$ embassy in $CAPITAL$, based on accusations that the $FROMCOUNTRY_ADJ$ is spreading ideological propaganda in a $COUNTRY_ADJ$ border province. 'Clearly there is no respect for $COUNTRY_ADJ$ sovereignty!' blustered one official. 'They are funding these criminals and rebels, urging them to overthrow our government!' There is no word of a reaction from the $FROMCOUNTRY_ADJ$ government as of yet, but it is clear that many are urging for some kind of action. 'Should $COUNTRY$ do nothing? I think not!';;;;;;;x,
EVTDESC800065_NEWS_MEDIUM;Recent news has surfaced of a tense confrontation at the $FROMCOUNTRY_ADJ$ embassy in $CAPITAL$, based on accusations that the $FROMCOUNTRY_ADJ$ is spreading ideological propaganda in a $COUNTRY_ADJ$ border province. 'Clearly there is no respect for $COUNTRY_ADJ$ sovereignty!' blustered one official.;;;;;;;x,
EVTDESC800065_NEWS_SHORT;Recent news has surfaced of a tense confrontation at the $FROMCOUNTRY_ADJ$ embassy in $CAPITAL$, based on accusations that the $FROMCOUNTRY_ADJ$ is spreading ideological propaganda in a $COUNTRY_ADJ$ border province.;;;;;;;x,
EVTNAME60000_NEWS_TITLE;Communists Seize Power in $COUNTRY$!;;;;;;;x,,
EVTDESC60000_NEWS_LONG;Speaking from government offices in $CAPITAL$, the $COUNTRY_ADJ$ leadership announced today that the communist party would be suspending voting rights and restricting reforms 'to combat the current crisis'. While government ministers reassured many that the measures would be temporary, it appears obvious to outsiders that this is but the first step in the transformation of $COUNTRY$ into a dictatorship of the proletariat. Many see this as having always been the goal of the ruling $COUNTRY_ADJ$ communist party: a peaceful overthrow of the current system and the installation of true communist principles.;;;;;;;x
EVTDESC60000_NEWS_MEDIUM;Speaking from government offices in $CAPITAL$, the $COUNTRY_ADJ$ leadership announced the suspension of voting rights 'to combat the current crisis'. While giving reassurances that the measures are temporary, this is but the first step in the transformation of $COUNTRY$ into a dictatorship of the proletariat.;;;;;;;x
EVTDESC60000_NEWS_SHORT;Speaking from government offices in $CAPITAL$, the $COUNTRY_ADJ$ leadership announced the suspension of voting rights 'to combat the current crisis', transforming $COUNTRY$ into a communist dictatorship.;;;;;;;x
EVTNAME60010_NEWS_TITLE;Military Coup in $COUNTRY$!;;;;;;;x,,
EVTDESC60010_NEWS_LONG;Speaking from government offices in $CAPITAL$, the $COUNTRY_ADJ$ leadership announced the suspension of many freedoms and voting rights 'to combat the current crisis'. Many see this as a coup d'etat, an overthrow of the democratic government and installation of $COUNTRY$'s reactionary president as dictator with the support of the $COUNTRY_ADJ$ military�and they would be correct. For all intents and purposes, $COUNTRY_ADJ$ democracy is now a thing of the past.;;;;;;;x,
EVTDESC60010_NEWS_MEDIUM;Speaking from government offices in $CAPITAL$, the $COUNTRY_ADJ$ leadership announced the suspension of many freedoms and voting rights 'to combat the current crisis'. Many see this as an installation of $COUNTRY$'s reactionary president as dictator with the support of the $COUNTRY_ADJ$ military�and they would be correct.;;;;;;;x,
EVTDESC60010_NEWS_SHORT;The $COUNTRY_ADJ$ leadership announced the suspension of freedoms 'to combat the current crisis'. Many see this as an installation of $COUNTRY$'s reactionary president as sole ruler and dictator�and they would be correct.;;;;;;;x,,
EVTNAME60020_NEWS_TITLE;Anarcho-Liberals Seize Power in $COUNTRY$!;;;;;;;x,,
EVTDESC60020_NEWS_LONG;In the interests of protecting the principles of liberty from the crushing onslaught of democracy, plebeian aristocracy and mob rule, a committee of concerned members of the ruling radical party have seized power in $COUNTRY$ and transformed the country into a minimal government dictatorship. It's only temporary, they say, a way to combat the current crisis� though many have doubts this is true, or that $COUNTRY$ will ever be restored to true democratic rule unless the radicals are someday overthrown.;;;;;;;x,
EVTDESC60020_NEWS_MEDIUM;In the interests of protecting the principles of liberty from the crushing onslaught of democracy, plebeian aristocracy and mob rule, a committee of concerned members of the ruling radical party have seized power in $COUNTRY$ and transformed the country into a minimal government dictatorship.;;;;;;;x
EVTDESC60020_NEWS_SHORT;A committee of concerned members of the ruling radical party have seized power in $COUNTRY$ and transformed the country into a government dictatorship. A temporary measure, they say, to combat the current crisis.;;;;;;;x
EVTNAME60030_NEWS_TITLE;Fascists Seize Power in $COUNTRY$!;;;;;;;x,,
EVTDESC60030_NEWS_LONG;Voting rights have been curtailed, the party system has gradually slipped under state control, and a bill on the expansion of the extraordinary powers of the state has successfully passed the house in $CAPITAL$. The signs are clear and plain: the fascist ruling party has transformed $COUNTRY$ from a democracy into a fascist dictatorship. Already the $COUNTRY_ADJ$ government has been reported clamping down on protests, black-shirted enforcers visible on every block in every major city. All this, according to the ruling party, will see $COUNTRY$ achieve the destiny it so richly deserves.;;;;;;;x,
EVTDESC60030_NEWS_MEDIUM;Voting rights have been curtailed, the party system has gradually slipped under state control, and a bill on the expansion of the extraordinary powers of the state has successfully passed the house in $CAPITAL$. The signs are clear and plain: the ruling party has transformed $COUNTRY$ into a fascist dictatorship.;;;;;;;x
EVTDESC60030_NEWS_SHORT;The signs are clear: with the recent expansion of the fascist party's executive powers, $COUNTRY$ has been transformed from a democracy into a fascist dictatorship.;;;;;;;x,
EVTDESC60050_NEWS_LONG;The $COUNTRY_ADJ$ dictatorship is not what it used to be. Increased pluralism, combined with extended political reforms, has led to the dictatorship more and more taking on the trappings of a democracy. While this doesn't necessarily mean that the ruling party has given up its reign on power, with the recent calling of elections this does mean that the opposition now has some chance of making its voice heard. $COUNTRY$ has become a democracy, and crowds have gathered in $CAPITAL$ to celebrate the idea that their rulers might soon be peacefully removed from power.;;;;;;;x
EVTDESC60050_NEWS_MEDIUM;The $COUNTRY_ADJ$ dictatorship is not what it used to be. While the ruling party has not yet given up power, increased pluralism, combined with extended political reforms and the recent call for new elections, has led to the dictatorship more and more taking on the trappings of a democracy.;;;;;;;x,
EVTDESC60050_NEWS_SHORT;While the $COUNTRY_ADJ$ ruling party has not yet given up power, the recent reforms and call for new elections  has led to the dictatorship more and more taking on the trappings of a democracy.;;;;;;;x,
EVTNAME60060_NEWS_TITLE;The $COUNTRY_ADJ$ Constitution;;;;;;;x,,
EVTDESC60060_NEWS_LONG;The political reforms enacted in the past few years have led to a situation where the absolutism of the $COUNTRY_ADJ$ monarchy can now legitimately be called into question. No longer is the $COUNTRY_ADJ$ king free to dictate the course of the nation to his own musings, but instead has had to accept several constitutional hems and restrictions on his exercise of power. Some question the right of the monarch to override decisions by the newly-elected government, or even refuse to accept the results of an election entirely, but the fact that elections are being permitted at all is considered a sure sign of $COUNTRY$'s democratization.;;;;;;;x,
EVTDESC60060_NEWS_MEDIUM;The reforms enacted in the past few years have led to a situation where the $COUNTRY_ADJ$ monarchy no longer exerts absolute authority. No longer is the king free to dictate the course of the nation to his own musings, but instead has had to accept several constitutional hems and restrictions on his exercise of power.;;;;;;;x,
EVTDESC60060_NEWS_SHORT;Political reforms have led to a situation where the $COUNTRY_ADJ$ monarchy no longer exerts absolute authority. The king has accepted several constitutional restrictions on his exercise of power.;;;;;;;x,,
EVTNAME60070_NEWS_TITLE;Democracy in $COUNTRY$;;;;;;;x,,
EVTDESC60070_NEWS_LONG;The sweeping reforms to the $COUNTRY_ADJ$ party system which have been enacted during the past few years have transformed $COUNTRY$ from an absolute monarchy into a democratically-ruled constitutional monarchy with a government responsible to the people. The $COUNTRY_ADJ$ monarch, now serving as a symbolic head-of-state, no longer has the power to personally control and determine the fate of the nation, but is instead forced to accept the mitigating influences of pluralism and limited democracy.;;;;;;;x,
EVTDESC60070_NEWS_MEDIUM;The sweeping reforms to the $COUNTRY_ADJ$ party system which have been enacted during the past few years have transformed $COUNTRY$ from an absolute monarchy into a democratically-ruled constitutional monarchy with a government responsible to the people.;;;;;;;x,,
EVTDESC60070_NEWS_SHORT;The sweeping reforms to the $COUNTRY_ADJ$ party system which have been enacted during the past few years have transformed $COUNTRY$ from an absolute monarchy into a fully-democratic government responsible to the people.;;;;;;;x,,
EVTNAME60080_NEWS_TITLE;$COUNTRY_ADJ$ Voting Rights Rescinded;;;;;;;x,,
EVTDESC60080_NEWS_LONG;Lately an eerie feeling has crept over citizens of $COUNTRY$ that their nation is growing oddly silent. Where before the free exchange of opinion and ideas could be heard, from street corners and bus stops to bars and universities, now only the sounds of silence gives echo. The conclusion that is becoming ever more evident, is that the tradition of $COUNTRY_ADJ$ democracy has been subverted. The ruling party has taken full control of $COUNTRY$ and transformed the nation into a dictatorship in all but name.;;;;;;;x,
EVTDESC60080_NEWS_MEDIUM;Lately an eerie feeling has crept over citizens of $COUNTRY$ that their nation is growing oddly silent. The tradition of $COUNTRY_ADJ$ democracy has been subverted. The ruling party has taken full control of $COUNTRY$ and transformed the nation into a dictatorship in all but name.;;;;;;;x,,
EVTDESC60080_NEWS_SHORT;According to recent reports, the tradition of $COUNTRY_ADJ$ democracy has been subverted. The ruling party has taken full control of $COUNTRY$ and transformed the nation into a dictatorship in all but name.;;;;;;;x,
EVTNAME60160_NEWS_TITLE;$COUNTRY_ADJ$ Independence!;;;;;;;x,,
EVTDESC60160_NEWS_LONG;Today crowds gathered in $CAPITAL$ to celebrate $COUNTRY_ADJ$ independence from their former rulers. $COUNTRY_ADJ$ flags wave from every window and corner, and jubilant citizens sing the $COUNTRY_ADJ$ anthem. It is a heartfelt theme that speaks of better tomorrows, and while many privately wonder whether their independence can last in these uncertain times-- perhaps war might come to $COUNTRY$ to put an end to thoughts of freedom-- that is not on anyone's mind today.;;;;;;;x
EVTDESC60160_NEWS_MEDIUM;Today crowds gathered in $CAPITAL$ to celebrate $COUNTRY_ADJ$ independence. $COUNTRY_ADJ$ flags wave from every window and corner, and jubilant citizens sing the $COUNTRY_ADJ$ anthem. While many privately wonder whether their independence can last, that is not on anyone's mind today.;;;;;;;x
EVTDESC60160_NEWS_SHORT;Today crowds gathered in $CAPITAL$ to celebrate $COUNTRY_ADJ$ long-awaited independence. $COUNTRY_ADJ$ flags wave from every window and corner, and jubilant citizens sing the $COUNTRY_ADJ$ national anthem.;;;;;;;x,
EVTNAME11100_NEW;The Unification of $CULTURE_GROUP_UNION$;;;;;;;x
EVTDESC11100_NEW;A rising tide of liberal nationalism within $CULTURE_GROUP_UNION$ has begun to spread, raising the idea of a $UNION_ADJ$ union with $COUNTRY$ at its head. A parliament of liberal revolutionaries has been convened, with representatives from throughout $UNION_ADJ$ lands, which has decreed the time is right for the nation to unite under one banner. The parliament has offered the crown of $CULTURE_GROUP_UNION$ to us. We could accept the offer, but doing so would cause international alarm, and require us to compensate the revolutionaries politically.;;;;;;;x