chungus;amongus;;;;;;;;;;;;x,,
gtfo_on_title;Enable 'Release Vassal' decisions;;;;;;;;;;;;x,,
gtfo_on_desc;The Release Vassal decisions allow you to release vassals, and are otherwise kept hidden from view to avoid having them clutter up your decision list.;;;;;;;;;;;;x
gtfo_off_title;Disable 'Release Vassal' decisions;;;;;;;;;;;;x,,
gtfo_off_desc;Your decision list will now be uncluttered!;;;;;;;;;;;;x,,
gtfo_disabled_title;Deactivate 'Release Vassal' decisions;;;;;;;;;;;;x,,
gtfo_disabled_desc;The 'Release Vassal' decisions will disappear from this game session and won't reappear again. You won't be able to use these decisions again for this game.;;;;;;;;;;;;x,,
gtfo_ENG_title;Grant United Kingdom Independence;;;;;;;;;;;;x,,
gtfo_ENG_desc;We've had a good run, but it's time to end our rulership of United Kingdom: if you love something, let it go!;;;;;;;;;;;;x
gtfo_RUS_title;Grant Russia Independence;;;;;;;;;;;;x,,
gtfo_RUS_desc;We've had a good run, but it's time to end our rulership of Russia: if you love something, let it go!;;;;;;;;;;;;x
gtfo_FRA_title;Grant France Independence;;;;;;;;;;;;x,,
gtfo_FRA_desc;We've had a good run, but it's time to end our rulership of France: if you love something, let it go!;;;;;;;;;;;;x
gtfo_PRU_title;Grant Prussia Independence;;;;;;;;;;;;x,,
gtfo_PRU_desc;We've had a good run, but it's time to end our rulership of Prussia: if you love something, let it go!;;;;;;;;;;;;x
gtfo_GER_title;Grant Germany Independence;;;;;;;;;;;;x,,
gtfo_GER_desc;We've had a good run, but it's time to end our rulership of Germany: if you love something, let it go!;;;;;;;;;;;;x
gtfo_AUS_title;Grant Austria Independence;;;;;;;;;;;;x,,
gtfo_AUS_desc;We've had a good run, but it's time to end our rulership of Austria: if you love something, let it go!;;;;;;;;;;;;x
gtfo_USA_title;Grant USA Independence;;;;;;;;;;;;x,,
gtfo_USA_desc;We've had a good run, but it's time to end our rulership of USA: if you love something, let it go!;;;;;;;;;;;;x
gtfo_JAP_title;Grant Japan Independence;;;;;;;;;;;;x,,
gtfo_JAP_desc;We've had a good run, but it's time to end our rulership of Japan: if you love something, let it go!;;;;;;;;;;;;x
gtfo_ITA_title;Grant Italy Independence;;;;;;;;;;;;x,,
gtfo_ITA_desc;We've had a good run, but it's time to end our rulership of Italy: if you love something, let it go!;;;;;;;;;;;;x
gtfo_KUK_title;Grant Austria-Hungary Independence;;;;;;;;;;;;x,,
gtfo_KUK_desc;We've had a good run, but it's time to end our rulership of Austria-Hungary: if you love something, let it go!;;;;;;;;;;;;x
gtfo_CPL_title;Grant Poland Independence;;;;;;;;;;;;x,,
gtfo_CPL_desc;We've had a good run, but it's time to end our rulership of Poland: if you love something, let it go!;;;;;;;;;;;;x
gtfo_GBR_title;Grant the Commonwealth of Britain Independence;;;;;;;;;;;;x,,
gtfo_GBR_desc;We've had a good run, but it's time to end our rulership of the Commonwealth of Britain: if you love something, let it go!;;;;;;;;;;;;x
gtfo_NIT_title;Grant Napoleonic Italy Independence;;;;;;;;;;;;x,,
gtfo_NIT_desc;We've had a good run, but it's time to end our rulership of Napoleonic Italy: if you love something, let it go!;;;;;;;;;;;;x
gtfo_ICF_title;Grant the Indian Confederacy Independence;;;;;;;;;;;;x,,
gtfo_ICF_desc;We've had a good run, but it's time to end our rulership of the Indian Confederacy: if you love something, let it go!;;;;;;;;;;;;x
gtfo_MAH_title;Grant the Maratha Confederacy Independence;;;;;;;;;;;;x,,
gtfo_MAH_desc;We've had a good run, but it's time to end our rulership of the Marathan Confederacy: if you love something, let it go!;;;;;;;;;;;;x
gtfo_UPB_title;Grant the Union of Portugal and Brazil Independence;;;;;;;;;;;;x,,
gtfo_UPB_desc;We've had a good run, but it's time to end our rulership of the Union of Portugal and Brazil: if you love something, let it go!;;;;;;;;;;;;x
gtfo_KLM_title;Grant Kalimantan Independence;;;;;;;;;;;;x,,
gtfo_KLM_desc;We've had a good run, but it's time to end our rulership of Kalimantan: if you love something, let it go!;;;;;;;;;;;;x
gtfo_SLW_title;Grant Sulawesi Independence;;;;;;;;;;;;x,,
gtfo_SLW_desc;We've had a good run, but it's time to end our rulership of Sulawesi: if you love something, let it go!;;;;;;;;;;;;x
gtfo_SUL_title;Grant Sulu Independence;;;;;;;;;;;;x,,
gtfo_SUL_desc;We've had a good run, but it's time to end our rulership of Sulu: if you love something, let it go!;;;;;;;;;;;;x
gtfo_SAK_title;Grant Siak Independence;;;;;;;;;;;;x,,
gtfo_SAK_desc;We've had a good run, but it's time to end our rulership of Siak: if you love something, let it go!;;;;;;;;;;;;x
gtfo_KTI_title;Grant Kutai Independence;;;;;;;;;;;;x,,
gtfo_KTI_desc;We've had a good run, but it's time to end our rulership of Kutai: if you love something, let it go!;;;;;;;;;;;;x
gtfo_LAN_title;Grant Lanfang Independence;;;;;;;;;;;;x,,
gtfo_LAN_desc;We've had a good run, but it's time to end our rulership of Lanfang: if you love something, let it go!;;;;;;;;;;;;x
gtfo_CEL_title;Grant Celtic Union Independence;;;;;;;;;;;;x,,
gtfo_CEL_desc;We've had a good run, but it's time to end our rulership of Celtic Union: if you love something, let it go!;;;;;;;;;;;;x
gtfo_DEN_title;Grant Denmark Independence;;;;;;;;;;;;x,,
gtfo_DEN_desc;We've had a good run, but it's time to end our rulership of Denmark: if you love something, let it go!;;;;;;;;;;;;x
gtfo_FIN_title;Grant Finland Independence;;;;;;;;;;;;x,,
gtfo_FIN_desc;We've had a good run, but it's time to end our rulership of Finland: if you love something, let it go!;;;;;;;;;;;;x
gtfo_NOR_title;Grant Norway Independence;;;;;;;;;;;;x,,
gtfo_NOR_desc;We've had a good run, but it's time to end our rulership of Norway: if you love something, let it go!;;;;;;;;;;;;x
gtfo_SCA_title;Grant Scandinavia Independence;;;;;;;;;;;;x,,
gtfo_SCA_desc;We've had a good run, but it's time to end our rulership of Scandinavia: if you love something, let it go!;;;;;;;;;;;;x
gtfo_SWE_title;Grant Sweden Independence;;;;;;;;;;;;x,,
gtfo_SWE_desc;We've had a good run, but it's time to end our rulership of Sweden: if you love something, let it go!;;;;;;;;;;;;x
gtfo_BEL_title;Grant Belgium Independence;;;;;;;;;;;;x,,
gtfo_BEL_desc;We've had a good run, but it's time to end our rulership of Belgium: if you love something, let it go!;;;;;;;;;;;;x
gtfo_CAT_title;Grant Catalonia Independence;;;;;;;;;;;;x,,
gtfo_CAT_desc;We've had a good run, but it's time to end our rulership of Catalonia: if you love something, let it go!;;;;;;;;;;;;x
gtfo_FLA_title;Grant Flanders Independence;;;;;;;;;;;;x,,
gtfo_FLA_desc;We've had a good run, but it's time to end our rulership of Flanders: if you love something, let it go!;;;;;;;;;;;;x
gtfo_IRE_title;Grant Ireland Independence;;;;;;;;;;;;x,,
gtfo_IRE_desc;We've had a good run, but it's time to end our rulership of Ireland: if you love something, let it go!;;;;;;;;;;;;x
gtfo_NET_title;Grant Netherlands Independence;;;;;;;;;;;;x,,
gtfo_NET_desc;We've had a good run, but it's time to end our rulership of Netherlands: if you love something, let it go!;;;;;;;;;;;;x
gtfo_POR_title;Grant Portugal Independence;;;;;;;;;;;;x,,
gtfo_POR_desc;We've had a good run, but it's time to end our rulership of Portugal: if you love something, let it go!;;;;;;;;;;;;x
gtfo_SCO_title;Grant Scotland Independence;;;;;;;;;;;;x,,
gtfo_SCO_desc;We've had a good run, but it's time to end our rulership of Scotland: if you love something, let it go!;;;;;;;;;;;;x
gtfo_SPA_title;Grant Spain Independence;;;;;;;;;;;;x,,
gtfo_SPA_desc;We've had a good run, but it's time to end our rulership of Spain: if you love something, let it go!;;;;;;;;;;;;x
gtfo_WLL_title;Grant Wallonia Independence;;;;;;;;;;;;x,,
gtfo_WLL_desc;We've had a good run, but it's time to end our rulership of Wallonia: if you love something, let it go!;;;;;;;;;;;;x
gtfo_ANH_title;Grant Anhalt Independence;;;;;;;;;;;;x,,
gtfo_ANH_desc;We've had a good run, but it's time to end our rulership of Anhalt: if you love something, let it go!;;;;;;;;;;;;x
gtfo_BAD_title;Grant Baden Independence;;;;;;;;;;;;x,,
gtfo_BAD_desc;We've had a good run, but it's time to end our rulership of Baden: if you love something, let it go!;;;;;;;;;;;;x
gtfo_BAV_title;Grant Bavaria Independence;;;;;;;;;;;;x,,
gtfo_BAV_desc;We've had a good run, but it's time to end our rulership of Bavaria: if you love something, let it go!;;;;;;;;;;;;x
gtfo_BRE_title;Grant Bremen Independence;;;;;;;;;;;;x,,
gtfo_BRE_desc;We've had a good run, but it's time to end our rulership of Bremen: if you love something, let it go!;;;;;;;;;;;;x
gtfo_COB_title;Grant Saxe-Coburg-Gotha Independence;;;;;;;;;;;;x,,
gtfo_COB_desc;We've had a good run, but it's time to end our rulership of Saxe-Coburg-Gotha: if you love something, let it go!;;;;;;;;;;;;x
gtfo_DZG_title;Grant Danzig Independence;;;;;;;;;;;;x,,
gtfo_DZG_desc;We've had a good run, but it's time to end our rulership of Danzig: if you love something, let it go!;;;;;;;;;;;;x
gtfo_FRM_title;Grant Frankfurt am Main Independence;;;;;;;;;;;;x,,
gtfo_FRM_desc;We've had a good run, but it's time to end our rulership of Frankfurt am Main: if you love something, let it go!;;;;;;;;;;;;x
gtfo_HAM_title;Grant Hamburg Independence;;;;;;;;;;;;x,,
gtfo_HAM_desc;We've had a good run, but it's time to end our rulership of Hamburg: if you love something, let it go!;;;;;;;;;;;;x
gtfo_HAN_title;Grant Hanover Independence;;;;;;;;;;;;x,,
gtfo_HAN_desc;We've had a good run, but it's time to end our rulership of Hanover: if you love something, let it go!;;;;;;;;;;;;x
gtfo_HES_title;Grant Hesse-Darmstadt Independence;;;;;;;;;;;;x,,
gtfo_HES_desc;We've had a good run, but it's time to end our rulership of Hesse-Darmstadt: if you love something, let it go!;;;;;;;;;;;;x
gtfo_HEK_title;Grant Hesse-Kassel Independence;;;;;;;;;;;;x,,
gtfo_HEK_desc;We've had a good run, but it's time to end our rulership of Hesse-Kassel: if you love something, let it go!;;;;;;;;;;;;x
gtfo_HOL_title;Grant Holstein Independence;;;;;;;;;;;;x,,
gtfo_HOL_desc;We've had a good run, but it's time to end our rulership of Holstein: if you love something, let it go!;;;;;;;;;;;;x
gtfo_LIP_title;Grant Lippe-Detmold Independence;;;;;;;;;;;;x,,
gtfo_LIP_desc;We've had a good run, but it's time to end our rulership of Lippe-Detmold: if you love something, let it go!;;;;;;;;;;;;x
gtfo_LUB_title;Grant Lubeck Independence;;;;;;;;;;;;x,,
gtfo_LUB_desc;We've had a good run, but it's time to end our rulership of Lubeck: if you love something, let it go!;;;;;;;;;;;;x
gtfo_LUX_title;Grant Luxemburg Independence;;;;;;;;;;;;x,,
gtfo_LUX_desc;We've had a good run, but it's time to end our rulership of Luxemburg: if you love something, let it go!;;;;;;;;;;;;x
gtfo_MEC_title;Grant Mecklenburg Independence;;;;;;;;;;;;x,,
gtfo_MEC_desc;We've had a good run, but it's time to end our rulership of Mecklenburg: if you love something, let it go!;;;;;;;;;;;;x
gtfo_MEI_title;Grant Saxe-Meiningen Independence;;;;;;;;;;;;x,,
gtfo_MEI_desc;We've had a good run, but it's time to end our rulership of Saxe-Meiningen: if you love something, let it go!;;;;;;;;;;;;x
gtfo_NAS_title;Grant Nassau Independence;;;;;;;;;;;;x,,
gtfo_NAS_desc;We've had a good run, but it's time to end our rulership of Nassau: if you love something, let it go!;;;;;;;;;;;;x
gtfo_NGF_title;Grant North German Fed Independence;;;;;;;;;;;;x,,
gtfo_NGF_desc;We've had a good run, but it's time to end our rulership of North German Fed: if you love something, let it go!;;;;;;;;;;;;x
gtfo_OLD_title;Grant Oldenburg Independence;;;;;;;;;;;;x,,
gtfo_OLD_desc;We've had a good run, but it's time to end our rulership of Oldenburg: if you love something, let it go!;;;;;;;;;;;;x
gtfo_SAX_title;Grant Saxony Independence;;;;;;;;;;;;x,,
gtfo_SAX_desc;We've had a good run, but it's time to end our rulership of Saxony: if you love something, let it go!;;;;;;;;;;;;x
gtfo_SCH_title;Grant Schleswig Independence;;;;;;;;;;;;x,,
gtfo_SCH_desc;We've had a good run, but it's time to end our rulership of Schleswig: if you love something, let it go!;;;;;;;;;;;;x
gtfo_SGF_title;Grant South German Fed Independence;;;;;;;;;;;;x,,
gtfo_SGF_desc;We've had a good run, but it's time to end our rulership of South German Fed: if you love something, let it go!;;;;;;;;;;;;x
gtfo_WEI_title;Grant Saxe-Weimar Independence;;;;;;;;;;;;x,,
gtfo_WEI_desc;We've had a good run, but it's time to end our rulership of Saxe-Weimar: if you love something, let it go!;;;;;;;;;;;;x
gtfo_WUR_title;Grant Wurttemberg Independence;;;;;;;;;;;;x,,
gtfo_WUR_desc;We've had a good run, but it's time to end our rulership of Wurttemberg: if you love something, let it go!;;;;;;;;;;;;x
gtfo_LOM_title;Grant Lombardia Independence;;;;;;;;;;;;x,,
gtfo_LOM_desc;We've had a good run, but it's time to end our rulership of Lombardia: if you love something, let it go!;;;;;;;;;;;;x
gtfo_LUC_title;Grant Lucca Independence;;;;;;;;;;;;x,,
gtfo_LUC_desc;We've had a good run, but it's time to end our rulership of Lucca: if you love something, let it go!;;;;;;;;;;;;x
gtfo_MOD_title;Grant Modena Independence;;;;;;;;;;;;x,,
gtfo_MOD_desc;We've had a good run, but it's time to end our rulership of Modena: if you love something, let it go!;;;;;;;;;;;;x
gtfo_PAP_title;Grant Papal States Independence;;;;;;;;;;;;x,,
gtfo_PAP_desc;We've had a good run, but it's time to end our rulership of Papal States: if you love something, let it go!;;;;;;;;;;;;x
gtfo_PAR_title;Grant Parma Independence;;;;;;;;;;;;x,,
gtfo_PAR_desc;We've had a good run, but it's time to end our rulership of Parma: if you love something, let it go!;;;;;;;;;;;;x
gtfo_SAR_title;Grant Sardinia-Piedmont Independence;;;;;;;;;;;;x,,
gtfo_SAR_desc;We've had a good run, but it's time to end our rulership of Sardinia-Piedmont: if you love something, let it go!;;;;;;;;;;;;x
gtfo_SIC_title;Grant Two Sicilies Independence;;;;;;;;;;;;x,,
gtfo_SIC_desc;We've had a good run, but it's time to end our rulership of Two Sicilies: if you love something, let it go!;;;;;;;;;;;;x
gtfo_TRE_title;Grant Trieste Independence;;;;;;;;;;;;x,,
gtfo_TRE_desc;We've had a good run, but it's time to end our rulership of Trieste: if you love something, let it go!;;;;;;;;;;;;x
gtfo_TUS_title;Grant Tuscany Independence;;;;;;;;;;;;x,,
gtfo_TUS_desc;We've had a good run, but it's time to end our rulership of Tuscany: if you love something, let it go!;;;;;;;;;;;;x
gtfo_VEN_title;Grant Venice Independence;;;;;;;;;;;;x,,
gtfo_VEN_desc;We've had a good run, but it's time to end our rulership of Venice: if you love something, let it go!;;;;;;;;;;;;x
gtfo_BOH_title;Grant Bohemia-Moravia Independence;;;;;;;;;;;;x,,
gtfo_BOH_desc;We've had a good run, but it's time to end our rulership of Bohemia-Moravia: if you love something, let it go!;;;;;;;;;;;;x
gtfo_KRA_title;Grant Krakow Independence;;;;;;;;;;;;x,,
gtfo_KRA_desc;We've had a good run, but it's time to end our rulership of Krakow: if you love something, let it go!;;;;;;;;;;;;x
gtfo_CRI_title;Grant Crimea Independence;;;;;;;;;;;;x,,
gtfo_CRI_desc;We've had a good run, but it's time to end our rulership of Crimea: if you love something, let it go!;;;;;;;;;;;;x
gtfo_EST_title;Grant Estonia Independence;;;;;;;;;;;;x,,
gtfo_EST_desc;We've had a good run, but it's time to end our rulership of Estonia: if you love something, let it go!;;;;;;;;;;;;x
gtfo_HUN_title;Grant Hungary Independence;;;;;;;;;;;;x,,
gtfo_HUN_desc;We've had a good run, but it's time to end our rulership of Hungary: if you love something, let it go!;;;;;;;;;;;;x
gtfo_LIT_title;Grant Lithuania Independence;;;;;;;;;;;;x,,
gtfo_LIT_desc;We've had a good run, but it's time to end our rulership of Lithuania: if you love something, let it go!;;;;;;;;;;;;x
gtfo_LAT_title;Grant Latvia Independence;;;;;;;;;;;;x,,
gtfo_LAT_desc;We've had a good run, but it's time to end our rulership of Latvia: if you love something, let it go!;;;;;;;;;;;;x
gtfo_POL_title;Grant Poland Independence;;;;;;;;;;;;x,,
gtfo_POL_desc;We've had a good run, but it's time to end our rulership of Poland: if you love something, let it go!;;;;;;;;;;;;x
gtfo_SLV_title;Grant Slovakia Independence;;;;;;;;;;;;x,,
gtfo_SLV_desc;We've had a good run, but it's time to end our rulership of Slovakia: if you love something, let it go!;;;;;;;;;;;;x
gtfo_SWI_title;Grant Switzerland Independence;;;;;;;;;;;;x,,
gtfo_SWI_desc;We've had a good run, but it's time to end our rulership of Switzerland: if you love something, let it go!;;;;;;;;;;;;x
gtfo_RUT_title;Grant Ruthenia Independence;;;;;;;;;;;;x,,
gtfo_RUT_desc;We've had a good run, but it's time to end our rulership of Ruthenia: if you love something, let it go!;;;;;;;;;;;;x
gtfo_SIE_title;Grant Siebenburgen Independence;;;;;;;;;;;;x,,
gtfo_SIE_desc;We've had a good run, but it's time to end our rulership of Siebenburgen: if you love something, let it go!;;;;;;;;;;;;x
gtfo_UKR_title;Grant Ukraine Independence;;;;;;;;;;;;x,,
gtfo_UKR_desc;We've had a good run, but it's time to end our rulership of Ukraine: if you love something, let it go!;;;;;;;;;;;;x
gtfo_CZH_title;Grant Czechoslovakia Independence;;;;;;;;;;;;x,,
gtfo_CZH_desc;We've had a good run, but it's time to end our rulership of Czechoslovakia: if you love something, let it go!;;;;;;;;;;;;x
gtfo_ALB_title;Grant Albania Independence;;;;;;;;;;;;x,,
gtfo_ALB_desc;We've had a good run, but it's time to end our rulership of Albania: if you love something, let it go!;;;;;;;;;;;;x
gtfo_BOS_title;Grant Bosnia-Herzegovina Independence;;;;;;;;;;;;x,,
gtfo_BOS_desc;We've had a good run, but it's time to end our rulership of Bosnia-Herzegovina: if you love something, let it go!;;;;;;;;;;;;x
gtfo_BUL_title;Grant Bulgaria Independence;;;;;;;;;;;;x,,
gtfo_BUL_desc;We've had a good run, but it's time to end our rulership of Bulgaria: if you love something, let it go!;;;;;;;;;;;;x
gtfo_CRE_title;Grant Crete Independence;;;;;;;;;;;;x,,
gtfo_CRE_desc;We've had a good run, but it's time to end our rulership of Crete: if you love something, let it go!;;;;;;;;;;;;x
gtfo_CRO_title;Grant Croatia Independence;;;;;;;;;;;;x,,
gtfo_CRO_desc;We've had a good run, but it's time to end our rulership of Croatia: if you love something, let it go!;;;;;;;;;;;;x
gtfo_CYP_title;Grant Cyprus Independence;;;;;;;;;;;;x,,
gtfo_CYP_desc;We've had a good run, but it's time to end our rulership of Cyprus: if you love something, let it go!;;;;;;;;;;;;x
gtfo_GRE_title;Grant Greece Independence;;;;;;;;;;;;x,,
gtfo_GRE_desc;We've had a good run, but it's time to end our rulership of Greece: if you love something, let it go!;;;;;;;;;;;;x
gtfo_ION_title;Grant Ionian Islands Independence;;;;;;;;;;;;x,,
gtfo_ION_desc;We've had a good run, but it's time to end our rulership of Ionian Islands: if you love something, let it go!;;;;;;;;;;;;x
gtfo_MOL_title;Grant Moldavia Independence;;;;;;;;;;;;x,,
gtfo_MOL_desc;We've had a good run, but it's time to end our rulership of Moldavia: if you love something, let it go!;;;;;;;;;;;;x
gtfo_MON_title;Grant Montenegro Independence;;;;;;;;;;;;x,,
gtfo_MON_desc;We've had a good run, but it's time to end our rulership of Montenegro: if you love something, let it go!;;;;;;;;;;;;x
gtfo_ROM_title;Grant Romania Independence;;;;;;;;;;;;x,,
gtfo_ROM_desc;We've had a good run, but it's time to end our rulership of Romania: if you love something, let it go!;;;;;;;;;;;;x
gtfo_SER_title;Grant Serbia Independence;;;;;;;;;;;;x,,
gtfo_SER_desc;We've had a good run, but it's time to end our rulership of Serbia: if you love something, let it go!;;;;;;;;;;;;x
gtfo_SLO_title;Grant Slovenia Independence;;;;;;;;;;;;x,,
gtfo_SLO_desc;We've had a good run, but it's time to end our rulership of Slovenia: if you love something, let it go!;;;;;;;;;;;;x
gtfo_TUR_title;Grant Ottoman Empire Independence;;;;;;;;;;;;x,,
gtfo_TUR_desc;We've had a good run, but it's time to end our rulership of Ottoman Empire: if you love something, let it go!;;;;;;;;;;;;x
gtfo_WAL_title;Grant Wallachia Independence;;;;;;;;;;;;x,,
gtfo_WAL_desc;We've had a good run, but it's time to end our rulership of Wallachia: if you love something, let it go!;;;;;;;;;;;;x
gtfo_YUG_title;Grant Yugoslavia Independence;;;;;;;;;;;;x,,
gtfo_YUG_desc;We've had a good run, but it's time to end our rulership of Yugoslavia: if you love something, let it go!;;;;;;;;;;;;x
gtfo_ALD_title;Grant Aldjazair Independence;;;;;;;;;;;;x,,
gtfo_ALD_desc;We've had a good run, but it's time to end our rulership of Aldjazair: if you love something, let it go!;;;;;;;;;;;;x
gtfo_CNG_title;Grant Congo Free State Independence;;;;;;;;;;;;x,,
gtfo_CNG_desc;We've had a good run, but it's time to end our rulership of Congo Free State: if you love something, let it go!;;;;;;;;;;;;x
gtfo_EGY_title;Grant Egypt Independence;;;;;;;;;;;;x,,
gtfo_EGY_desc;We've had a good run, but it's time to end our rulership of Egypt: if you love something, let it go!;;;;;;;;;;;;x
gtfo_ETH_title;Grant Ethiopia Independence;;;;;;;;;;;;x,,
gtfo_ETH_desc;We've had a good run, but it's time to end our rulership of Ethiopia: if you love something, let it go!;;;;;;;;;;;;x
gtfo_MAD_title;Grant Madagascar Independence;;;;;;;;;;;;x,,
gtfo_MAD_desc;We've had a good run, but it's time to end our rulership of Madagascar: if you love something, let it go!;;;;;;;;;;;;x
gtfo_LIB_title;Grant Liberia Independence;;;;;;;;;;;;x,,
gtfo_LIB_desc;We've had a good run, but it's time to end our rulership of Liberia: if you love something, let it go!;;;;;;;;;;;;x
gtfo_MOR_title;Grant Morocco Independence;;;;;;;;;;;;x,,
gtfo_MOR_desc;We've had a good run, but it's time to end our rulership of Morocco: if you love something, let it go!;;;;;;;;;;;;x
gtfo_NAL_title;Grant Natalia Independence;;;;;;;;;;;;x,,
gtfo_NAL_desc;We've had a good run, but it's time to end our rulership of Natalia: if you love something, let it go!;;;;;;;;;;;;x
gtfo_ORA_title;Grant Oranje Independence;;;;;;;;;;;;x,,
gtfo_ORA_desc;We've had a good run, but it's time to end our rulership of Oranje: if you love something, let it go!;;;;;;;;;;;;x
gtfo_SAF_title;Grant South Africa Independence;;;;;;;;;;;;x,,
gtfo_SAF_desc;We've had a good run, but it's time to end our rulership of South Africa: if you love something, let it go!;;;;;;;;;;;;x
gtfo_SOK_title;Grant Sokoto Independence;;;;;;;;;;;;x,,
gtfo_SOK_desc;We've had a good run, but it's time to end our rulership of Sokoto: if you love something, let it go!;;;;;;;;;;;;x
gtfo_RHO_title;Grant Southern Rhodesia Independence;;;;;;;;;;;;x,,
gtfo_RHO_desc;We've had a good run, but it's time to end our rulership of Southern Rhodesia: if you love something, let it go!;;;;;;;;;;;;x
gtfo_TRI_title;Grant Tripoli Independence;;;;;;;;;;;;x,,
gtfo_TRI_desc;We've had a good run, but it's time to end our rulership of Tripoli: if you love something, let it go!;;;;;;;;;;;;x
gtfo_TRN_title;Grant Transvaal Independence;;;;;;;;;;;;x,,
gtfo_TRN_desc;We've had a good run, but it's time to end our rulership of Transvaal: if you love something, let it go!;;;;;;;;;;;;x
gtfo_TUN_title;Grant Tunis Independence;;;;;;;;;;;;x,,
gtfo_TUN_desc;We've had a good run, but it's time to end our rulership of Tunis: if you love something, let it go!;;;;;;;;;;;;x
gtfo_ZAN_title;Grant Zanzibar Independence;;;;;;;;;;;;x,,
gtfo_ZAN_desc;We've had a good run, but it's time to end our rulership of Zanzibar: if you love something, let it go!;;;;;;;;;;;;x
gtfo_ZUL_title;Grant Zulu Independence;;;;;;;;;;;;x,,
gtfo_ZUL_desc;We've had a good run, but it's time to end our rulership of Zulu: if you love something, let it go!;;;;;;;;;;;;x
gtfo_ABU_title;Grant Abu Dhabi Independence;;;;;;;;;;;;x,,
gtfo_ABU_desc;We've had a good run, but it's time to end our rulership of Abu Dhabi: if you love something, let it go!;;;;;;;;;;;;x
gtfo_AFG_title;Grant Afghanistan Independence;;;;;;;;;;;;x,,
gtfo_AFG_desc;We've had a good run, but it's time to end our rulership of Afghanistan: if you love something, let it go!;;;;;;;;;;;;x
gtfo_ARM_title;Grant Armenia Independence;;;;;;;;;;;;x,,
gtfo_ARM_desc;We've had a good run, but it's time to end our rulership of Armenia: if you love something, let it go!;;;;;;;;;;;;x
gtfo_AZB_title;Grant Azerbaijan Independence;;;;;;;;;;;;x,,
gtfo_AZB_desc;We've had a good run, but it's time to end our rulership of Azerbaijan: if you love something, let it go!;;;;;;;;;;;;x
gtfo_BUK_title;Grant Bukkhara Independence;;;;;;;;;;;;x,,
gtfo_BUK_desc;We've had a good run, but it's time to end our rulership of Bukkhara: if you love something, let it go!;;;;;;;;;;;;x
gtfo_GEO_title;Grant Georgia Independence;;;;;;;;;;;;x,,
gtfo_GEO_desc;We've had a good run, but it's time to end our rulership of Georgia: if you love something, let it go!;;;;;;;;;;;;x
gtfo_HDJ_title;Grant Hedjaz Independence;;;;;;;;;;;;x,,
gtfo_HDJ_desc;We've had a good run, but it's time to end our rulership of Hedjaz: if you love something, let it go!;;;;;;;;;;;;x
gtfo_IRQ_title;Grant Iraq Independence;;;;;;;;;;;;x,,
gtfo_IRQ_desc;We've had a good run, but it's time to end our rulership of Iraq: if you love something, let it go!;;;;;;;;;;;;x
gtfo_KHI_title;Grant Khiva Independence;;;;;;;;;;;;x,,
gtfo_KHI_desc;We've had a good run, but it's time to end our rulership of Khiva: if you love something, let it go!;;;;;;;;;;;;x
gtfo_KOK_title;Grant Kokand Independence;;;;;;;;;;;;x,,
gtfo_KOK_desc;We've had a good run, but it's time to end our rulership of Kokand: if you love something, let it go!;;;;;;;;;;;;x
gtfo_MUG_title;Grant Mughalistan Independence;;;;;;;;;;;;x,,
gtfo_MUG_desc;We've had a good run, but it's time to end our rulership of Mughalistan: if you love something, let it go!;;;;;;;;;;;;x
gtfo_NEJ_title;Grant Nejd Independence;;;;;;;;;;;;x,,
gtfo_NEJ_desc;We've had a good run, but it's time to end our rulership of Nejd: if you love something, let it go!;;;;;;;;;;;;x
gtfo_OMA_title;Grant Oman Independence;;;;;;;;;;;;x,,
gtfo_OMA_desc;We've had a good run, but it's time to end our rulership of Oman: if you love something, let it go!;;;;;;;;;;;;x
gtfo_PER_title;Grant Persia Independence;;;;;;;;;;;;x,,
gtfo_PER_desc;We've had a good run, but it's time to end our rulership of Persia: if you love something, let it go!;;;;;;;;;;;;x
gtfo_YEM_title;Grant Yemen Independence;;;;;;;;;;;;x,,
gtfo_YEM_desc;We've had a good run, but it's time to end our rulership of Yemen: if you love something, let it go!;;;;;;;;;;;;x
gtfo_HND_title;Grant India Independence;;;;;;;;;;;;x,,
gtfo_HND_desc;We've had a good run, but it's time to end our rulership of India: if you love something, let it go!;;;;;;;;;;;;x
gtfo_AWA_title;Grant Awadh Independence;;;;;;;;;;;;x,,
gtfo_AWA_desc;We've had a good run, but it's time to end our rulership of Awadh: if you love something, let it go!;;;;;;;;;;;;x
gtfo_BAS_title;Grant Bastar Independence;;;;;;;;;;;;x,,
gtfo_BAS_desc;We've had a good run, but it's time to end our rulership of Bastar: if you love something, let it go!;;;;;;;;;;;;x
gtfo_BER_title;Grant Beroda Independence;;;;;;;;;;;;x,,
gtfo_BER_desc;We've had a good run, but it's time to end our rulership of Beroda: if you love something, let it go!;;;;;;;;;;;;x
gtfo_BHO_title;Grant Bhopal Independence;;;;;;;;;;;;x,,
gtfo_BHO_desc;We've had a good run, but it's time to end our rulership of Bhopal: if you love something, let it go!;;;;;;;;;;;;x
gtfo_BIK_title;Grant Bikaner Independence;;;;;;;;;;;;x,,
gtfo_BIK_desc;We've had a good run, but it's time to end our rulership of Bikaner: if you love something, let it go!;;;;;;;;;;;;x
gtfo_BUN_title;Grant Bundelkhand Independence;;;;;;;;;;;;x,,
gtfo_BUN_desc;We've had a good run, but it's time to end our rulership of Bundelkhand: if you love something, let it go!;;;;;;;;;;;;x
gtfo_GWA_title;Grant Gwailor Independence;;;;;;;;;;;;x,,
gtfo_GWA_desc;We've had a good run, but it's time to end our rulership of Gwailor: if you love something, let it go!;;;;;;;;;;;;x
gtfo_HYD_title;Grant Hyderabad Independence;;;;;;;;;;;;x,,
gtfo_HYD_desc;We've had a good run, but it's time to end our rulership of Hyderabad: if you love something, let it go!;;;;;;;;;;;;x
gtfo_IND_title;Grant Indore Independence;;;;;;;;;;;;x,,
gtfo_IND_desc;We've had a good run, but it's time to end our rulership of Indore: if you love something, let it go!;;;;;;;;;;;;x
gtfo_JAI_title;Grant Jaipur Independence;;;;;;;;;;;;x,,
gtfo_JAI_desc;We've had a good run, but it's time to end our rulership of Jaipur: if you love something, let it go!;;;;;;;;;;;;x
gtfo_JAS_title;Grant Jaisalmer Independence;;;;;;;;;;;;x,,
gtfo_JAS_desc;We've had a good run, but it's time to end our rulership of Jaisalmer: if you love something, let it go!;;;;;;;;;;;;x
gtfo_JOD_title;Grant Jodhpur Independence;;;;;;;;;;;;x,,
gtfo_JOD_desc;We've had a good run, but it's time to end our rulership of Jodhpur: if you love something, let it go!;;;;;;;;;;;;x
gtfo_KAL_title;Grant Kalat Independence;;;;;;;;;;;;x,,
gtfo_KAL_desc;We've had a good run, but it's time to end our rulership of Kalat: if you love something, let it go!;;;;;;;;;;;;x
gtfo_KAS_title;Grant Kashmir Independence;;;;;;;;;;;;x,,
gtfo_KAS_desc;We've had a good run, but it's time to end our rulership of Kashmir: if you love something, let it go!;;;;;;;;;;;;x
gtfo_KUT_title;Grant Kutch Independence;;;;;;;;;;;;x,,
gtfo_KUT_desc;We've had a good run, but it's time to end our rulership of Kutch: if you love something, let it go!;;;;;;;;;;;;x
gtfo_LAD_title;Grant Ladakh Independence;;;;;;;;;;;;x,,
gtfo_LAD_desc;We've had a good run, but it's time to end our rulership of Ladakh: if you love something, let it go!;;;;;;;;;;;;x
gtfo_MAK_title;Grant Makran Independence;;;;;;;;;;;;x,,
gtfo_MAK_desc;We've had a good run, but it's time to end our rulership of Makran: if you love something, let it go!;;;;;;;;;;;;x
gtfo_MEW_title;Grant Mewar Independence;;;;;;;;;;;;x,,
gtfo_MEW_desc;We've had a good run, but it's time to end our rulership of Mewar: if you love something, let it go!;;;;;;;;;;;;x
gtfo_MYS_title;Grant Mysore Independence;;;;;;;;;;;;x,,
gtfo_MYS_desc;We've had a good run, but it's time to end our rulership of Mysore: if you love something, let it go!;;;;;;;;;;;;x
gtfo_NAG_title;Grant Nagpur Independence;;;;;;;;;;;;x,,
gtfo_NAG_desc;We've had a good run, but it's time to end our rulership of Nagpur: if you love something, let it go!;;;;;;;;;;;;x
gtfo_NEP_title;Grant Nepal Independence;;;;;;;;;;;;x,,
gtfo_NEP_desc;We've had a good run, but it's time to end our rulership of Nepal: if you love something, let it go!;;;;;;;;;;;;x
gtfo_ORI_title;Grant Orissa Independence;;;;;;;;;;;;x,,
gtfo_ORI_desc;We've had a good run, but it's time to end our rulership of Orissa: if you love something, let it go!;;;;;;;;;;;;x
gtfo_PAN_title;Grant Panjab Independence;;;;;;;;;;;;x,,
gtfo_PAN_desc;We've had a good run, but it's time to end our rulership of Panjab: if you love something, let it go!;;;;;;;;;;;;x
gtfo_SHI_title;Grant Shimla Independence;;;;;;;;;;;;x,,
gtfo_SHI_desc;We've had a good run, but it's time to end our rulership of Shimla: if you love something, let it go!;;;;;;;;;;;;x
gtfo_SIK_title;Grant Sikkim Independence;;;;;;;;;;;;x,,
gtfo_SIK_desc;We've had a good run, but it's time to end our rulership of Sikkim: if you love something, let it go!;;;;;;;;;;;;x
gtfo_SIN_title;Grant Sind Independence;;;;;;;;;;;;x,,
gtfo_SIN_desc;We've had a good run, but it's time to end our rulership of Sind: if you love something, let it go!;;;;;;;;;;;;x
gtfo_TRA_title;Grant Travancore Independence;;;;;;;;;;;;x,,
gtfo_TRA_desc;We've had a good run, but it's time to end our rulership of Travancore: if you love something, let it go!;;;;;;;;;;;;x
gtfo_ATJ_title;Grant Atjeh Independence;;;;;;;;;;;;x,,
gtfo_ATJ_desc;We've had a good run, but it's time to end our rulership of Atjeh: if you love something, let it go!;;;;;;;;;;;;x
gtfo_BAL_title;Grant Bali Independence;;;;;;;;;;;;x,,
gtfo_BAL_desc;We've had a good run, but it's time to end our rulership of Bali: if you love something, let it go!;;;;;;;;;;;;x
gtfo_BHU_title;Grant Bhutan Independence;;;;;;;;;;;;x,,
gtfo_BHU_desc;We've had a good run, but it's time to end our rulership of Bhutan: if you love something, let it go!;;;;;;;;;;;;x
gtfo_BRU_title;Grant Brunei Independence;;;;;;;;;;;;x,,
gtfo_BRU_desc;We've had a good run, but it's time to end our rulership of Brunei: if you love something, let it go!;;;;;;;;;;;;x
gtfo_BUR_title;Grant Burma Independence;;;;;;;;;;;;x,,
gtfo_BUR_desc;We've had a good run, but it's time to end our rulership of Burma: if you love something, let it go!;;;;;;;;;;;;x
gtfo_CAM_title;Grant Cambodia Independence;;;;;;;;;;;;x,,
gtfo_CAM_desc;We've had a good run, but it's time to end our rulership of Cambodia: if you love something, let it go!;;;;;;;;;;;;x
gtfo_CHI_title;Grant China Independence;;;;;;;;;;;;x,,
gtfo_CHI_desc;We've had a good run, but it's time to end our rulership of China: if you love something, let it go!;;;;;;;;;;;;x
gtfo_DAI_title;Grant Dai Viet Independence;;;;;;;;;;;;x,,
gtfo_DAI_desc;We've had a good run, but it's time to end our rulership of Dai Viet: if you love something, let it go!;;;;;;;;;;;;x
gtfo_JAV_title;Grant Java Independence;;;;;;;;;;;;x,,
gtfo_JAV_desc;We've had a good run, but it's time to end our rulership of Java: if you love something, let it go!;;;;;;;;;;;;x
gtfo_KOR_title;Grant Korea Independence;;;;;;;;;;;;x,,
gtfo_KOR_desc;We've had a good run, but it's time to end our rulership of Korea: if you love something, let it go!;;;;;;;;;;;;x
gtfo_LUA_title;Grant Luang Prabang Independence;;;;;;;;;;;;x,,
gtfo_LUA_desc;We've had a good run, but it's time to end our rulership of Luang Prabang: if you love something, let it go!;;;;;;;;;;;;x
gtfo_JOH_title;Grant Johore Independence;;;;;;;;;;;;x,,
gtfo_JOH_desc;We've had a good run, but it's time to end our rulership of Johore: if you love something, let it go!;;;;;;;;;;;;x
gtfo_SIA_title;Grant Siam Independence;;;;;;;;;;;;x,,
gtfo_SIA_desc;We've had a good run, but it's time to end our rulership of Siam: if you love something, let it go!;;;;;;;;;;;;x
gtfo_TIB_title;Grant Tibet Independence;;;;;;;;;;;;x,,
gtfo_TIB_desc;We've had a good run, but it's time to end our rulership of Tibet: if you love something, let it go!;;;;;;;;;;;;x
gtfo_MGL_title;Grant Mongolia Independence;;;;;;;;;;;;x,,
gtfo_MGL_desc;We've had a good run, but it's time to end our rulership of Mongolia: if you love something, let it go!;;;;;;;;;;;;x
gtfo_WIA_title;Grant Wiang Chhan Independence;;;;;;;;;;;;x,,
gtfo_WIA_desc;We've had a good run, but it's time to end our rulership of Wiang Chhan: if you love something, let it go!;;;;;;;;;;;;x
gtfo_PHI_title;Grant Philippines Independence;;;;;;;;;;;;x,,
gtfo_PHI_desc;We've had a good run, but it's time to end our rulership of Philippines: if you love something, let it go!;;;;;;;;;;;;x
gtfo_MCK_title;Grant Manchukuo Independence;;;;;;;;;;;;x,,
gtfo_MCK_desc;We've had a good run, but it's time to end our rulership of Manchukuo: if you love something, let it go!;;;;;;;;;;;;x
gtfo_GXI_title;Grant Guangxi Clique Independence;;;;;;;;;;;;x,,
gtfo_GXI_desc;We've had a good run, but it's time to end our rulership of Guangxi Clique: if you love something, let it go!;;;;;;;;;;;;x
gtfo_SXI_title;Grant Shanxi Independence;;;;;;;;;;;;x,,
gtfo_SXI_desc;We've had a good run, but it's time to end our rulership of Shanxi: if you love something, let it go!;;;;;;;;;;;;x
gtfo_YNN_title;Grant Yunnan Independence;;;;;;;;;;;;x,,
gtfo_YNN_desc;We've had a good run, but it's time to end our rulership of Yunnan: if you love something, let it go!;;;;;;;;;;;;x
gtfo_XBI_title;Grant Xibei San Ma Independence;;;;;;;;;;;;x,,
gtfo_XBI_desc;We've had a good run, but it's time to end our rulership of Xibei San Ma: if you love something, let it go!;;;;;;;;;;;;x
gtfo_XIN_title;Grant Xinjiang Independence;;;;;;;;;;;;x,,
gtfo_XIN_desc;We've had a good run, but it's time to end our rulership of Xinjiang: if you love something, let it go!;;;;;;;;;;;;x
gtfo_CAL_title;Grant Californian Republic Independence;;;;;;;;;;;;x,,
gtfo_CAL_desc;We've had a good run, but it's time to end our rulership of Californian Republic: if you love something, let it go!;;;;;;;;;;;;x
gtfo_CAN_title;Grant Canada Independence;;;;;;;;;;;;x,,
gtfo_CAN_desc;We've had a good run, but it's time to end our rulership of Canada: if you love something, let it go!;;;;;;;;;;;;x
gtfo_CHE_title;Grant Cherokee Independence;;;;;;;;;;;;x,,
gtfo_CHE_desc;We've had a good run, but it's time to end our rulership of Cherokee: if you love something, let it go!;;;;;;;;;;;;x
gtfo_COL_title;Grant Columbia Independence;;;;;;;;;;;;x,,
gtfo_COL_desc;We've had a good run, but it's time to end our rulership of Columbia: if you love something, let it go!;;;;;;;;;;;;x
gtfo_COS_title;Grant Costa Rica Independence;;;;;;;;;;;;x,,
gtfo_COS_desc;We've had a good run, but it's time to end our rulership of Costa Rica: if you love something, let it go!;;;;;;;;;;;;x
gtfo_CSA_title;Grant CSA Independence;;;;;;;;;;;;x,,
gtfo_CSA_desc;We've had a good run, but it's time to end our rulership of CSA: if you love something, let it go!;;;;;;;;;;;;x
gtfo_CUB_title;Grant Cuba Independence;;;;;;;;;;;;x,,
gtfo_CUB_desc;We've had a good run, but it's time to end our rulership of Cuba: if you love something, let it go!;;;;;;;;;;;;x
gtfo_DES_title;Grant Deseret Independence;;;;;;;;;;;;x,,
gtfo_DES_desc;We've had a good run, but it's time to end our rulership of Deseret: if you love something, let it go!;;;;;;;;;;;;x
gtfo_DOM_title;Grant Dominican Republic Independence;;;;;;;;;;;;x,,
gtfo_DOM_desc;We've had a good run, but it's time to end our rulership of Dominican Republic: if you love something, let it go!;;;;;;;;;;;;x
gtfo_ELS_title;Grant El Salvador Independence;;;;;;;;;;;;x,,
gtfo_ELS_desc;We've had a good run, but it's time to end our rulership of El Salvador: if you love something, let it go!;;;;;;;;;;;;x
gtfo_GUA_title;Grant Guatemala Independence;;;;;;;;;;;;x,,
gtfo_GUA_desc;We've had a good run, but it's time to end our rulership of Guatemala: if you love something, let it go!;;;;;;;;;;;;x
gtfo_HAI_title;Grant Haiti Independence;;;;;;;;;;;;x,,
gtfo_HAI_desc;We've had a good run, but it's time to end our rulership of Haiti: if you love something, let it go!;;;;;;;;;;;;x
gtfo_HAW_title;Grant Hawaii Independence;;;;;;;;;;;;x,,
gtfo_HAW_desc;We've had a good run, but it's time to end our rulership of Hawaii: if you love something, let it go!;;;;;;;;;;;;x
gtfo_MAN_title;Grant Manhattan Commune Independence;;;;;;;;;;;;x,,
gtfo_MAN_desc;We've had a good run, but it's time to end our rulership of Manhattan Commune: if you love something, let it go!;;;;;;;;;;;;x
gtfo_MEX_title;Grant Mexico Independence;;;;;;;;;;;;x,,
gtfo_MEX_desc;We've had a good run, but it's time to end our rulership of Mexico: if you love something, let it go!;;;;;;;;;;;;x
gtfo_MTC_title;Grant Metis Confederacy Independence;;;;;;;;;;;;x,,
gtfo_MTC_desc;We've had a good run, but it's time to end our rulership of Metis Confederacy: if you love something, let it go!;;;;;;;;;;;;x
gtfo_HON_title;Grant Honduras Independence;;;;;;;;;;;;x,,
gtfo_HON_desc;We've had a good run, but it's time to end our rulership of Honduras: if you love something, let it go!;;;;;;;;;;;;x
gtfo_NEN_title;Grant New England Independence;;;;;;;;;;;;x,,
gtfo_NEN_desc;We've had a good run, but it's time to end our rulership of New England: if you love something, let it go!;;;;;;;;;;;;x
gtfo_NEW_title;Grant Newfoundland Independence;;;;;;;;;;;;x,,
gtfo_NEW_desc;We've had a good run, but it's time to end our rulership of Newfoundland: if you love something, let it go!;;;;;;;;;;;;x
gtfo_NIC_title;Grant Nicaragua Independence;;;;;;;;;;;;x,,
gtfo_NIC_desc;We've had a good run, but it's time to end our rulership of Nicaragua: if you love something, let it go!;;;;;;;;;;;;x
gtfo_PNM_title;Grant Panama Independence;;;;;;;;;;;;x,,
gtfo_PNM_desc;We've had a good run, but it's time to end our rulership of Panama: if you love something, let it go!;;;;;;;;;;;;x
gtfo_QUE_title;Grant Quebec Independence;;;;;;;;;;;;x,,
gtfo_QUE_desc;We've had a good run, but it's time to end our rulership of Quebec: if you love something, let it go!;;;;;;;;;;;;x
gtfo_TEX_title;Grant Texas Independence;;;;;;;;;;;;x,,
gtfo_TEX_desc;We've had a good run, but it's time to end our rulership of Texas: if you love something, let it go!;;;;;;;;;;;;x
gtfo_UCA_title;Grant United States of Central America Independence;;;;;;;;;;;;x,,
gtfo_UCA_desc;We've had a good run, but it's time to end our rulership of United States of Central America: if you love something, let it go!;;;;;;;;;;;;x
gtfo_ARG_title;Grant Argentina Independence;;;;;;;;;;;;x,,
gtfo_ARG_desc;We've had a good run, but it's time to end our rulership of Argentina: if you love something, let it go!;;;;;;;;;;;;x
gtfo_BOL_title;Grant Bolivia Independence;;;;;;;;;;;;x,,
gtfo_BOL_desc;We've had a good run, but it's time to end our rulership of Bolivia: if you love something, let it go!;;;;;;;;;;;;x
gtfo_BRZ_title;Grant Brazil Independence;;;;;;;;;;;;x,,
gtfo_BRZ_desc;We've had a good run, but it's time to end our rulership of Brazil: if you love something, let it go!;;;;;;;;;;;;x
gtfo_CHL_title;Grant Chile Independence;;;;;;;;;;;;x,,
gtfo_CHL_desc;We've had a good run, but it's time to end our rulership of Chile: if you love something, let it go!;;;;;;;;;;;;x
gtfo_CLM_title;Grant Colombia Independence;;;;;;;;;;;;x,,
gtfo_CLM_desc;We've had a good run, but it's time to end our rulership of Colombia: if you love something, let it go!;;;;;;;;;;;;x
gtfo_ECU_title;Grant Ecuador Independence;;;;;;;;;;;;x,,
gtfo_ECU_desc;We've had a good run, but it's time to end our rulership of Ecuador: if you love something, let it go!;;;;;;;;;;;;x
gtfo_PEU_title;Grant Peru Independence;;;;;;;;;;;;x,,
gtfo_PEU_desc;We've had a good run, but it's time to end our rulership of Peru: if you love something, let it go!;;;;;;;;;;;;x
gtfo_PRG_title;Grant Paraguay Independence;;;;;;;;;;;;x,,
gtfo_PRG_desc;We've had a good run, but it's time to end our rulership of Paraguay: if you love something, let it go!;;;;;;;;;;;;x
gtfo_URU_title;Grant Uruguay Independence;;;;;;;;;;;;x,,
gtfo_URU_desc;We've had a good run, but it's time to end our rulership of Uruguay: if you love something, let it go!;;;;;;;;;;;;x
gtfo_VNZ_title;Grant Venezuela Independence;;;;;;;;;;;;x,,
gtfo_VNZ_desc;We've had a good run, but it's time to end our rulership of Venezuela: if you love something, let it go!;;;;;;;;;;;;x
gtfo_AST_title;Grant Australia Independence;;;;;;;;;;;;x,,
gtfo_AST_desc;We've had a good run, but it's time to end our rulership of Australia: if you love something, let it go!;;;;;;;;;;;;x
gtfo_NZL_title;Grant New Zealand Independence;;;;;;;;;;;;x,,
gtfo_NZL_desc;We've had a good run, but it's time to end our rulership of New Zealand: if you love something, let it go!;;;;;;;;;;;;x
gtfo_ISR_title;Grant Israel Independence;;;;;;;;;;;;x,,
gtfo_ISR_desc;We've had a good run, but it's time to end our rulership of Israel: if you love something, let it go!;;;;;;;;;;;;x
gtfo_BYZ_title;Grant Byzantium Independence;;;;;;;;;;;;x,,
gtfo_BYZ_desc;We've had a good run, but it's time to end our rulership of Byzantium: if you love something, let it go!;;;;;;;;;;;;x
gtfo_ICL_title;Grant Iceland Independence;;;;;;;;;;;;x,,
gtfo_ICL_desc;We've had a good run, but it's time to end our rulership of Iceland: if you love something, let it go!;;;;;;;;;;;;x
gtfo_BAB_title;Grant Babylonia Independence;;;;;;;;;;;;x,,
gtfo_BAB_desc;We've had a good run, but it's time to end our rulership of Babylonia: if you love something, let it go!;;;;;;;;;;;;x
gtfo_TPG_title;Grant Taiping Independence;;;;;;;;;;;;x,,
gtfo_TPG_desc;We've had a good run, but it's time to end our rulership of Taiping: if you love something, let it go!;;;;;;;;;;;;x
gtfo_ARA_title;Grant Arabia Independence;;;;;;;;;;;;x,,
gtfo_ARA_desc;We've had a good run, but it's time to end our rulership of Arabia: if you love something, let it go!;;;;;;;;;;;;x
gtfo_UBD_title;Grant United Baltic Provinces Independence;;;;;;;;;;;;x,,
gtfo_UBD_desc;We've had a good run, but it's time to end our rulership of United Baltic Provinces: if you love something, let it go!;;;;;;;;;;;;x
gtfo_BYE_title;Grant Belarus Independence;;;;;;;;;;;;x,,
gtfo_BYE_desc;We've had a good run, but it's time to end our rulership of Belarus: if you love something, let it go!;;;;;;;;;;;;x
gtfo_PLC_title;Grant Poland-Lithuania Independence;;;;;;;;;;;;x,,
gtfo_PLC_desc;We've had a good run, but it's time to end our rulership of Poland-Lithuania: if you love something, let it go!;;;;;;;;;;;;x
gtfo_GCO_title;Grant Gran Colombia Independence;;;;;;;;;;;;x,,
gtfo_GCO_desc;We've had a good run, but it's time to end our rulership of Gran Colombia: if you love something, let it go!;;;;;;;;;;;;x
gtfo_JAN_title;Grant JanMayen Independence;;;;;;;;;;;;x,,
gtfo_JAN_desc;We've had a good run, but it's time to end our rulership of JanMayen: if you love something, let it go!;;;;;;;;;;;;x
gtfo_D01_title;Grant a Generic Dominion Independence;;;;;;;;;;;;x,,
gtfo_D01_desc;We've had a good run, but it's time to end our rulership of a Generic Dominion: if you love something, let it go!;;;;;;;;;;;;x
gtfo_D02_title;Grant a Generic Dominion Independence;;;;;;;;;;;;x,,
gtfo_D02_desc;We've had a good run, but it's time to end our rulership of a Generic Dominion: if you love something, let it go!;;;;;;;;;;;;x
gtfo_D03_title;Grant a Generic Dominion Independence;;;;;;;;;;;;x,,
gtfo_D03_desc;We've had a good run, but it's time to end our rulership of a Generic Dominion: if you love something, let it go!;;;;;;;;;;;;x
gtfo_D04_title;Grant a Generic Dominion Independence;;;;;;;;;;;;x,,
gtfo_D04_desc;We've had a good run, but it's time to end our rulership of a Generic Dominion: if you love something, let it go!;;;;;;;;;;;;x
gtfo_D05_title;Grant a Generic Dominion Independence;;;;;;;;;;;;x,,
gtfo_D05_desc;We've had a good run, but it's time to end our rulership of a Generic Dominion: if you love something, let it go!;;;;;;;;;;;;x
gtfo_D06_title;Grant a Generic Dominion Independence;;;;;;;;;;;;x,,
gtfo_D06_desc;We've had a good run, but it's time to end our rulership of a Generic Dominion: if you love something, let it go!;;;;;;;;;;;;x
gtfo_D07_title;Grant a Generic Dominion Independence;;;;;;;;;;;;x,,
gtfo_D07_desc;We've had a good run, but it's time to end our rulership of a Generic Dominion: if you love something, let it go!;;;;;;;;;;;;x
gtfo_D08_title;Grant a Generic Dominion Independence;;;;;;;;;;;;x,,
gtfo_D08_desc;We've had a good run, but it's time to end our rulership of a Generic Dominion: if you love something, let it go!;;;;;;;;;;;;x
gtfo_D09_title;Grant a Generic Dominion Independence;;;;;;;;;;;;x,,
gtfo_D09_desc;We've had a good run, but it's time to end our rulership of a Generic Dominion: if you love something, let it go!;;;;;;;;;;;;x
gtfo_D10_title;Grant a Generic Dominion Independence;;;;;;;;;;;;x,,
gtfo_D10_desc;We've had a good run, but it's time to end our rulership of a Generic Dominion: if you love something, let it go!;;;;;;;;;;;;x
gtfo_D11_title;Grant a Generic Dominion Independence;;;;;;;;;;;;x,,
gtfo_D11_desc;We've had a good run, but it's time to end our rulership of a Generic Dominion: if you love something, let it go!;;;;;;;;;;;;x
gtfo_D12_title;Grant a Generic Dominion Independence;;;;;;;;;;;;x,,
gtfo_D12_desc;We've had a good run, but it's time to end our rulership of a Generic Dominion: if you love something, let it go!;;;;;;;;;;;;x
gtfo_D13_title;Grant a Generic Dominion Independence;;;;;;;;;;;;x,,
gtfo_D13_desc;We've had a good run, but it's time to end our rulership of a Generic Dominion: if you love something, let it go!;;;;;;;;;;;;x
gtfo_D14_title;Grant a Generic Dominion Independence;;;;;;;;;;;;x,,
gtfo_D14_desc;We've had a good run, but it's time to end our rulership of a Generic Dominion: if you love something, let it go!;;;;;;;;;;;;x
gtfo_D15_title;Grant a Generic Dominion Independence;;;;;;;;;;;;x,,
gtfo_D15_desc;We've had a good run, but it's time to end our rulership of a Generic Dominion: if you love something, let it go!;;;;;;;;;;;;x
gtfo_D16_title;Grant a Generic Dominion Independence;;;;;;;;;;;;x,,
gtfo_D16_desc;We've had a good run, but it's time to end our rulership of a Generic Dominion: if you love something, let it go!;;;;;;;;;;;;x
gtfo_D17_title;Grant a Generic Dominion Independence;;;;;;;;;;;;x,,
gtfo_D17_desc;We've had a good run, but it's time to end our rulership of a Generic Dominion: if you love something, let it go!;;;;;;;;;;;;x
gtfo_D18_title;Grant a Generic Dominion Independence;;;;;;;;;;;;x,,
gtfo_D18_desc;We've had a good run, but it's time to end our rulership of a Generic Dominion: if you love something, let it go!;;;;;;;;;;;;x
gtfo_D19_title;Grant a Generic Dominion Independence;;;;;;;;;;;;x,,
gtfo_D19_desc;We've had a good run, but it's time to end our rulership of a Generic Dominion: if you love something, let it go!;;;;;;;;;;;;x
gtfo_D20_title;Grant a Generic Dominion Independence;;;;;;;;;;;;x,,
gtfo_D20_desc;We've had a good run, but it's time to end our rulership of a Generic Dominion: if you love something, let it go!;;;;;;;;;;;;x
gtfo_D21_title;Grant a Generic Dominion Independence;;;;;;;;;;;;x,,
gtfo_D21_desc;We've had a good run, but it's time to end our rulership of a Generic Dominion: if you love something, let it go!;;;;;;;;;;;;x
gtfo_D22_title;Grant a Generic Dominion Independence;;;;;;;;;;;;x,,
gtfo_D22_desc;We've had a good run, but it's time to end our rulership of a Generic Dominion: if you love something, let it go!;;;;;;;;;;;;x
gtfo_D23_title;Grant a Generic Dominion Independence;;;;;;;;;;;;x,,
gtfo_D23_desc;We've had a good run, but it's time to end our rulership of a Generic Dominion: if you love something, let it go!;;;;;;;;;;;;x
gtfo_D24_title;Grant a Generic Dominion Independence;;;;;;;;;;;;x,,
gtfo_D24_desc;We've had a good run, but it's time to end our rulership of a Generic Dominion: if you love something, let it go!;;;;;;;;;;;;x
gtfo_D25_title;Grant a Generic Dominion Independence;;;;;;;;;;;;x,,
gtfo_D25_desc;We've had a good run, but it's time to end our rulership of a Generic Dominion: if you love something, let it go!;;;;;;;;;;;;x
gtfo_D26_title;Grant a Generic Dominion Independence;;;;;;;;;;;;x,,
gtfo_D26_desc;We've had a good run, but it's time to end our rulership of a Generic Dominion: if you love something, let it go!;;;;;;;;;;;;x
gtfo_D27_title;Grant a Generic Dominion Independence;;;;;;;;;;;;x,,
gtfo_D27_desc;We've had a good run, but it's time to end our rulership of a Generic Dominion: if you love something, let it go!;;;;;;;;;;;;x
gtfo_D28_title;Grant a Generic Dominion Independence;;;;;;;;;;;;x,,
gtfo_D28_desc;We've had a good run, but it's time to end our rulership of a Generic Dominion: if you love something, let it go!;;;;;;;;;;;;x
gtfo_D29_title;Grant a Generic Dominion Independence;;;;;;;;;;;;x,,
gtfo_D29_desc;We've had a good run, but it's time to end our rulership of a Generic Dominion: if you love something, let it go!;;;;;;;;;;;;x
gtfo_D30_title;Grant a Generic Dominion Independence;;;;;;;;;;;;x,,
gtfo_D30_desc;We've had a good run, but it's time to end our rulership of a Generic Dominion: if you love something, let it go!;;;;;;;;;;;;x
gtfo_D31_title;Grant a Generic Dominion Independence;;;;;;;;;;;;x,,
gtfo_D31_desc;We've had a good run, but it's time to end our rulership of a Generic Dominion: if you love something, let it go!;;;;;;;;;;;;x
gtfo_D32_title;Grant a Generic Dominion Independence;;;;;;;;;;;;x,,
gtfo_D32_desc;We've had a good run, but it's time to end our rulership of a Generic Dominion: if you love something, let it go!;;;;;;;;;;;;x
gtfo_D33_title;Grant a Generic Dominion Independence;;;;;;;;;;;;x,,
gtfo_D33_desc;We've had a good run, but it's time to end our rulership of a Generic Dominion: if you love something, let it go!;;;;;;;;;;;;x
gtfo_D34_title;Grant a Generic Dominion Independence;;;;;;;;;;;;x,,
gtfo_D34_desc;We've had a good run, but it's time to end our rulership of a Generic Dominion: if you love something, let it go!;;;;;;;;;;;;x
gtfo_D35_title;Grant a Generic Dominion Independence;;;;;;;;;;;;x,,
gtfo_D35_desc;We've had a good run, but it's time to end our rulership of a Generic Dominion: if you love something, let it go!;;;;;;;;;;;;x
gtfo_D36_title;Grant a Generic Dominion Independence;;;;;;;;;;;;x,,
gtfo_D36_desc;We've had a good run, but it's time to end our rulership of a Generic Dominion: if you love something, let it go!;;;;;;;;;;;;x
gtfo_D37_title;Grant a Generic Dominion Independence;;;;;;;;;;;;x,,
gtfo_D37_desc;We've had a good run, but it's time to end our rulership of a Generic Dominion: if you love something, let it go!;;;;;;;;;;;;x
gtfo_D38_title;Grant a Generic Dominion Independence;;;;;;;;;;;;x,,
gtfo_D38_desc;We've had a good run, but it's time to end our rulership of a Generic Dominion: if you love something, let it go!;;;;;;;;;;;;x
gtfo_D39_title;Grant a Generic Dominion Independence;;;;;;;;;;;;x,,
gtfo_D39_desc;We've had a good run, but it's time to end our rulership of a Generic Dominion: if you love something, let it go!;;;;;;;;;;;;x
gtfo_D40_title;Grant a Generic Dominion Independence;;;;;;;;;;;;x,,
gtfo_D40_desc;We've had a good run, but it's time to end our rulership of a Generic Dominion: if you love something, let it go!;;;;;;;;;;;;x
gtfo_D41_title;Grant a Generic Dominion Independence;;;;;;;;;;;;x,,
gtfo_D41_desc;We've had a good run, but it's time to end our rulership of a Generic Dominion: if you love something, let it go!;;;;;;;;;;;;x
gtfo_D42_title;Grant a Generic Dominion Independence;;;;;;;;;;;;x,,
gtfo_D42_desc;We've had a good run, but it's time to end our rulership of a Generic Dominion: if you love something, let it go!;;;;;;;;;;;;x
gtfo_D43_title;Grant a Generic Dominion Independence;;;;;;;;;;;;x,,
gtfo_D43_desc;We've had a good run, but it's time to end our rulership of a Generic Dominion: if you love something, let it go!;;;;;;;;;;;;x
gtfo_D44_title;Grant a Generic Dominion Independence;;;;;;;;;;;;x,,
gtfo_D44_desc;We've had a good run, but it's time to end our rulership of a Generic Dominion: if you love something, let it go!;;;;;;;;;;;;x
gtfo_D45_title;Grant a Generic Dominion Independence;;;;;;;;;;;;x,,
gtfo_D45_desc;We've had a good run, but it's time to end our rulership of a Generic Dominion: if you love something, let it go!;;;;;;;;;;;;x
gtfo_D46_title;Grant a Generic Dominion Independence;;;;;;;;;;;;x,,
gtfo_D46_desc;We've had a good run, but it's time to end our rulership of a Generic Dominion: if you love something, let it go!;;;;;;;;;;;;x
gtfo_D47_title;Grant a Generic Dominion Independence;;;;;;;;;;;;x,,
gtfo_D47_desc;We've had a good run, but it's time to end our rulership of a Generic Dominion: if you love something, let it go!;;;;;;;;;;;;x
gtfo_D48_title;Grant a Generic Dominion Independence;;;;;;;;;;;;x,,
gtfo_D48_desc;We've had a good run, but it's time to end our rulership of a Generic Dominion: if you love something, let it go!;;;;;;;;;;;;x
gtfo_D49_title;Grant a Generic Dominion Independence;;;;;;;;;;;;x,,
gtfo_D49_desc;We've had a good run, but it's time to end our rulership of a Generic Dominion: if you love something, let it go!;;;;;;;;;;;;x
gtfo_D50_title;Grant a Generic Dominion Independence;;;;;;;;;;;;x,,
gtfo_D50_desc;We've had a good run, but it's time to end our rulership of a Generic Dominion: if you love something, let it go!;;;;;;;;;;;;x
